
[2026-07-13T11:54:37.699Z] POST /api/v1/payroll-queries
Error: PayrollQuery validation failed: id: Path `id` is required.
Stack: ValidationError: PayrollQuery validation failed: id: Path `id` is required.
    at Document.invalidate (C:\Users\Shubh\Desktop\OMS\backend\node_modules\mongoose\lib\document.js:3381:32)
    at C:\Users\Shubh\Desktop\OMS\backend\node_modules\mongoose\lib\document.js:3142:17
    at C:\Users\Shubh\Desktop\OMS\backend\node_modules\mongoose\lib\schemaType.js:1443:9
    at process.processTicksAndRejections (node:internal/process/task_queues:85:11)
Body: {"category":"Wrong Attendance Calculation","subject":"Dispute regarding June 2026 salary slip","description":"I am writing to raise a query regarding my salary slip of June 2026. ","priority":"Medium","attachments":[],"payrollId":"GATECO-EMP-012-June-2026"}

[2026-07-13T11:54:39.260Z] POST /api/v1/payroll-queries
Error: PayrollQuery validation failed: id: Path `id` is required.
Stack: ValidationError: PayrollQuery validation failed: id: Path `id` is required.
    at Document.invalidate (C:\Users\Shubh\Desktop\OMS\backend\node_modules\mongoose\lib\document.js:3381:32)
    at C:\Users\Shubh\Desktop\OMS\backend\node_modules\mongoose\lib\document.js:3142:17
    at C:\Users\Shubh\Desktop\OMS\backend\node_modules\mongoose\lib\schemaType.js:1443:9
    at process.processTicksAndRejections (node:internal/process/task_queues:85:11)
Body: {"category":"Wrong Attendance Calculation","subject":"Dispute regarding June 2026 salary slip","description":"I am writing to raise a query regarding my salary slip of June 2026. ","priority":"Medium","attachments":[],"payrollId":"GATECO-EMP-012-June-2026"}

[2026-07-13T11:54:39.454Z] POST /api/v1/payroll-queries
Error: PayrollQuery validation failed: id: Path `id` is required.
Stack: ValidationError: PayrollQuery validation failed: id: Path `id` is required.
    at Document.invalidate (C:\Users\Shubh\Desktop\OMS\backend\node_modules\mongoose\lib\document.js:3381:32)
    at C:\Users\Shubh\Desktop\OMS\backend\node_modules\mongoose\lib\document.js:3142:17
    at C:\Users\Shubh\Desktop\OMS\backend\node_modules\mongoose\lib\schemaType.js:1443:9
    at process.processTicksAndRejections (node:internal/process/task_queues:85:11)
Body: {"category":"Wrong Attendance Calculation","subject":"Dispute regarding June 2026 salary slip","description":"I am writing to raise a query regarding my salary slip of June 2026. ","priority":"Medium","attachments":[],"payrollId":"GATECO-EMP-012-June-2026"}

[2026-07-13T11:54:39.615Z] POST /api/v1/payroll-queries
Error: PayrollQuery validation failed: id: Path `id` is required.
Stack: ValidationError: PayrollQuery validation failed: id: Path `id` is required.
    at Document.invalidate (C:\Users\Shubh\Desktop\OMS\backend\node_modules\mongoose\lib\document.js:3381:32)
    at C:\Users\Shubh\Desktop\OMS\backend\node_modules\mongoose\lib\document.js:3142:17
    at C:\Users\Shubh\Desktop\OMS\backend\node_modules\mongoose\lib\schemaType.js:1443:9
    at process.processTicksAndRejections (node:internal/process/task_queues:85:11)
Body: {"category":"Wrong Attendance Calculation","subject":"Dispute regarding June 2026 salary slip","description":"I am writing to raise a query regarding my salary slip of June 2026. ","priority":"Medium","attachments":[],"payrollId":"GATECO-EMP-012-June-2026"}

[2026-07-13T11:54:39.789Z] POST /api/v1/payroll-queries
Error: PayrollQuery validation failed: id: Path `id` is required.
Stack: ValidationError: PayrollQuery validation failed: id: Path `id` is required.
    at Document.invalidate (C:\Users\Shubh\Desktop\OMS\backend\node_modules\mongoose\lib\document.js:3381:32)
    at C:\Users\Shubh\Desktop\OMS\backend\node_modules\mongoose\lib\document.js:3142:17
    at C:\Users\Shubh\Desktop\OMS\backend\node_modules\mongoose\lib\schemaType.js:1443:9
    at process.processTicksAndRejections (node:internal/process/task_queues:85:11)
Body: {"category":"Wrong Attendance Calculation","subject":"Dispute regarding June 2026 salary slip","description":"I am writing to raise a query regarding my salary slip of June 2026. ","priority":"Medium","attachments":[],"payrollId":"GATECO-EMP-012-June-2026"}

[2026-07-13T11:54:46.781Z] POST /api/v1/payroll-queries
Error: PayrollQuery validation failed: id: Path `id` is required.
Stack: ValidationError: PayrollQuery validation failed: id: Path `id` is required.
    at Document.invalidate (C:\Users\Shubh\Desktop\OMS\backend\node_modules\mongoose\lib\document.js:3381:32)
    at C:\Users\Shubh\Desktop\OMS\backend\node_modules\mongoose\lib\document.js:3142:17
    at C:\Users\Shubh\Desktop\OMS\backend\node_modules\mongoose\lib\schemaType.js:1443:9
    at process.processTicksAndRejections (node:internal/process/task_queues:85:11)
Body: {"category":"Wrong LOP Calculation","subject":"Dispute regarding June 2026 salary slip","description":"I am writing to raise a query regarding my salary slip of June 2026. ","priority":"Medium","attachments":[],"payrollId":"GATECO-EMP-012-June-2026"}

[2026-07-13T11:54:47.713Z] POST /api/v1/payroll-queries
Error: PayrollQuery validation failed: id: Path `id` is required.
Stack: ValidationError: PayrollQuery validation failed: id: Path `id` is required.
    at Document.invalidate (C:\Users\Shubh\Desktop\OMS\backend\node_modules\mongoose\lib\document.js:3381:32)
    at C:\Users\Shubh\Desktop\OMS\backend\node_modules\mongoose\lib\document.js:3142:17
    at C:\Users\Shubh\Desktop\OMS\backend\node_modules\mongoose\lib\schemaType.js:1443:9
    at process.processTicksAndRejections (node:internal/process/task_queues:85:11)
Body: {"category":"Wrong LOP Calculation","subject":"Dispute regarding June 2026 salary slip","description":"I am writing to raise a query regarding my salary slip of June 2026. ","priority":"Medium","attachments":[],"payrollId":"GATECO-EMP-012-June-2026"}

[2026-07-13T11:54:47.885Z] POST /api/v1/payroll-queries
Error: PayrollQuery validation failed: id: Path `id` is required.
Stack: ValidationError: PayrollQuery validation failed: id: Path `id` is required.
    at Document.invalidate (C:\Users\Shubh\Desktop\OMS\backend\node_modules\mongoose\lib\document.js:3381:32)
    at C:\Users\Shubh\Desktop\OMS\backend\node_modules\mongoose\lib\document.js:3142:17
    at C:\Users\Shubh\Desktop\OMS\backend\node_modules\mongoose\lib\schemaType.js:1443:9
    at process.processTicksAndRejections (node:internal/process/task_queues:85:11)
Body: {"category":"Wrong LOP Calculation","subject":"Dispute regarding June 2026 salary slip","description":"I am writing to raise a query regarding my salary slip of June 2026. ","priority":"Medium","attachments":[],"payrollId":"GATECO-EMP-012-June-2026"}

[2026-07-13T11:54:48.063Z] POST /api/v1/payroll-queries
Error: PayrollQuery validation failed: id: Path `id` is required.
Stack: ValidationError: PayrollQuery validation failed: id: Path `id` is required.
    at Document.invalidate (C:\Users\Shubh\Desktop\OMS\backend\node_modules\mongoose\lib\document.js:3381:32)
    at C:\Users\Shubh\Desktop\OMS\backend\node_modules\mongoose\lib\document.js:3142:17
    at C:\Users\Shubh\Desktop\OMS\backend\node_modules\mongoose\lib\schemaType.js:1443:9
    at process.processTicksAndRejections (node:internal/process/task_queues:85:11)
Body: {"category":"Wrong LOP Calculation","subject":"Dispute regarding June 2026 salary slip","description":"I am writing to raise a query regarding my salary slip of June 2026. ","priority":"Medium","attachments":[],"payrollId":"GATECO-EMP-012-June-2026"}

[2026-07-13T11:54:48.298Z] POST /api/v1/payroll-queries
Error: PayrollQuery validation failed: id: Path `id` is required.
Stack: ValidationError: PayrollQuery validation failed: id: Path `id` is required.
    at Document.invalidate (C:\Users\Shubh\Desktop\OMS\backend\node_modules\mongoose\lib\document.js:3381:32)
    at C:\Users\Shubh\Desktop\OMS\backend\node_modules\mongoose\lib\document.js:3142:17
    at C:\Users\Shubh\Desktop\OMS\backend\node_modules\mongoose\lib\schemaType.js:1443:9
    at process.processTicksAndRejections (node:internal/process/task_queues:85:11)
Body: {"category":"Wrong LOP Calculation","subject":"Dispute regarding June 2026 salary slip","description":"I am writing to raise a query regarding my salary slip of June 2026. ","priority":"Medium","attachments":[],"payrollId":"GATECO-EMP-012-June-2026"}

[2026-07-14T04:45:25.904Z] POST /api/v1/payroll-queries
Error: PayrollQuery validation failed: id: Path `id` is required.
Stack: ValidationError: PayrollQuery validation failed: id: Path `id` is required.
    at Document.invalidate (C:\Users\Shubh\Desktop\OMS\backend\node_modules\mongoose\lib\document.js:3381:32)
    at C:\Users\Shubh\Desktop\OMS\backend\node_modules\mongoose\lib\document.js:3142:17
    at C:\Users\Shubh\Desktop\OMS\backend\node_modules\mongoose\lib\schemaType.js:1443:9
    at process.processTicksAndRejections (node:internal/process/task_queues:85:11)
Body: {"category":"Incorrect Salary Amount","subject":"Dispute regarding June 2026 salary slip","description":"I am writing to raise a query regarding my salary slip of June 2026. ","priority":"Medium","attachments":[],"payrollId":"GATECO-EMP-012-June-2026"}

[2026-07-14T04:45:28.118Z] POST /api/v1/payroll-queries
Error: PayrollQuery validation failed: id: Path `id` is required.
Stack: ValidationError: PayrollQuery validation failed: id: Path `id` is required.
    at Document.invalidate (C:\Users\Shubh\Desktop\OMS\backend\node_modules\mongoose\lib\document.js:3381:32)
    at C:\Users\Shubh\Desktop\OMS\backend\node_modules\mongoose\lib\document.js:3142:17
    at C:\Users\Shubh\Desktop\OMS\backend\node_modules\mongoose\lib\schemaType.js:1443:9
    at process.processTicksAndRejections (node:internal/process/task_queues:85:11)
Body: {"category":"Incorrect Salary Amount","subject":"Dispute regarding June 2026 salary slip","description":"I am writing to raise a query regarding my salary slip of June 2026. ","priority":"Medium","attachments":[],"payrollId":"GATECO-EMP-012-June-2026"}

[2026-07-14T04:45:29.364Z] POST /api/v1/payroll-queries
Error: PayrollQuery validation failed: id: Path `id` is required.
Stack: ValidationError: PayrollQuery validation failed: id: Path `id` is required.
    at Document.invalidate (C:\Users\Shubh\Desktop\OMS\backend\node_modules\mongoose\lib\document.js:3381:32)
    at C:\Users\Shubh\Desktop\OMS\backend\node_modules\mongoose\lib\document.js:3142:17
    at C:\Users\Shubh\Desktop\OMS\backend\node_modules\mongoose\lib\schemaType.js:1443:9
    at process.processTicksAndRejections (node:internal/process/task_queues:85:11)
Body: {"category":"Incorrect Salary Amount","subject":"Dispute regarding June 2026 salary slip","description":"I am writing to raise a query regarding my salary slip of June 2026. ","priority":"Medium","attachments":[],"payrollId":"GATECO-EMP-012-June-2026"}

[2026-07-14T04:45:29.593Z] POST /api/v1/payroll-queries
Error: PayrollQuery validation failed: id: Path `id` is required.
Stack: ValidationError: PayrollQuery validation failed: id: Path `id` is required.
    at Document.invalidate (C:\Users\Shubh\Desktop\OMS\backend\node_modules\mongoose\lib\document.js:3381:32)
    at C:\Users\Shubh\Desktop\OMS\backend\node_modules\mongoose\lib\document.js:3142:17
    at C:\Users\Shubh\Desktop\OMS\backend\node_modules\mongoose\lib\schemaType.js:1443:9
    at process.processTicksAndRejections (node:internal/process/task_queues:85:11)
Body: {"category":"Incorrect Salary Amount","subject":"Dispute regarding June 2026 salary slip","description":"I am writing to raise a query regarding my salary slip of June 2026. ","priority":"Medium","attachments":[],"payrollId":"GATECO-EMP-012-June-2026"}

[2026-07-14T04:45:29.970Z] POST /api/v1/payroll-queries
Error: PayrollQuery validation failed: id: Path `id` is required.
Stack: ValidationError: PayrollQuery validation failed: id: Path `id` is required.
    at Document.invalidate (C:\Users\Shubh\Desktop\OMS\backend\node_modules\mongoose\lib\document.js:3381:32)
    at C:\Users\Shubh\Desktop\OMS\backend\node_modules\mongoose\lib\document.js:3142:17
    at C:\Users\Shubh\Desktop\OMS\backend\node_modules\mongoose\lib\schemaType.js:1443:9
    at process.processTicksAndRejections (node:internal/process/task_queues:85:11)
Body: {"category":"Incorrect Salary Amount","subject":"Dispute regarding June 2026 salary slip","description":"I am writing to raise a query regarding my salary slip of June 2026. ","priority":"Medium","attachments":[],"payrollId":"GATECO-EMP-012-June-2026"}

[2026-07-14T04:45:30.193Z] POST /api/v1/payroll-queries
Error: PayrollQuery validation failed: id: Path `id` is required.
Stack: ValidationError: PayrollQuery validation failed: id: Path `id` is required.
    at Document.invalidate (C:\Users\Shubh\Desktop\OMS\backend\node_modules\mongoose\lib\document.js:3381:32)
    at C:\Users\Shubh\Desktop\OMS\backend\node_modules\mongoose\lib\document.js:3142:17
    at C:\Users\Shubh\Desktop\OMS\backend\node_modules\mongoose\lib\schemaType.js:1443:9
    at process.processTicksAndRejections (node:internal/process/task_queues:85:11)
Body: {"category":"Incorrect Salary Amount","subject":"Dispute regarding June 2026 salary slip","description":"I am writing to raise a query regarding my salary slip of June 2026. ","priority":"Medium","attachments":[],"payrollId":"GATECO-EMP-012-June-2026"}

[2026-07-14T04:45:30.334Z] POST /api/v1/payroll-queries
Error: PayrollQuery validation failed: id: Path `id` is required.
Stack: ValidationError: PayrollQuery validation failed: id: Path `id` is required.
    at Document.invalidate (C:\Users\Shubh\Desktop\OMS\backend\node_modules\mongoose\lib\document.js:3381:32)
    at C:\Users\Shubh\Desktop\OMS\backend\node_modules\mongoose\lib\document.js:3142:17
    at C:\Users\Shubh\Desktop\OMS\backend\node_modules\mongoose\lib\schemaType.js:1443:9
    at process.processTicksAndRejections (node:internal/process/task_queues:85:11)
Body: {"category":"Incorrect Salary Amount","subject":"Dispute regarding June 2026 salary slip","description":"I am writing to raise a query regarding my salary slip of June 2026. ","priority":"Medium","attachments":[],"payrollId":"GATECO-EMP-012-June-2026"}

[2026-07-14T04:45:30.550Z] POST /api/v1/payroll-queries
Error: PayrollQuery validation failed: id: Path `id` is required.
Stack: ValidationError: PayrollQuery validation failed: id: Path `id` is required.
    at Document.invalidate (C:\Users\Shubh\Desktop\OMS\backend\node_modules\mongoose\lib\document.js:3381:32)
    at C:\Users\Shubh\Desktop\OMS\backend\node_modules\mongoose\lib\document.js:3142:17
    at C:\Users\Shubh\Desktop\OMS\backend\node_modules\mongoose\lib\schemaType.js:1443:9
    at process.processTicksAndRejections (node:internal/process/task_queues:85:11)
Body: {"category":"Incorrect Salary Amount","subject":"Dispute regarding June 2026 salary slip","description":"I am writing to raise a query regarding my salary slip of June 2026. ","priority":"Medium","attachments":[],"payrollId":"GATECO-EMP-012-June-2026"}

[2026-07-14T04:45:30.777Z] POST /api/v1/payroll-queries
Error: PayrollQuery validation failed: id: Path `id` is required.
Stack: ValidationError: PayrollQuery validation failed: id: Path `id` is required.
    at Document.invalidate (C:\Users\Shubh\Desktop\OMS\backend\node_modules\mongoose\lib\document.js:3381:32)
    at C:\Users\Shubh\Desktop\OMS\backend\node_modules\mongoose\lib\document.js:3142:17
    at C:\Users\Shubh\Desktop\OMS\backend\node_modules\mongoose\lib\schemaType.js:1443:9
    at process.processTicksAndRejections (node:internal/process/task_queues:85:11)
Body: {"category":"Incorrect Salary Amount","subject":"Dispute regarding June 2026 salary slip","description":"I am writing to raise a query regarding my salary slip of June 2026. ","priority":"Medium","attachments":[],"payrollId":"GATECO-EMP-012-June-2026"}

[2026-07-14T04:45:31.485Z] POST /api/v1/payroll-queries
Error: PayrollQuery validation failed: id: Path `id` is required.
Stack: ValidationError: PayrollQuery validation failed: id: Path `id` is required.
    at Document.invalidate (C:\Users\Shubh\Desktop\OMS\backend\node_modules\mongoose\lib\document.js:3381:32)
    at C:\Users\Shubh\Desktop\OMS\backend\node_modules\mongoose\lib\document.js:3142:17
    at C:\Users\Shubh\Desktop\OMS\backend\node_modules\mongoose\lib\schemaType.js:1443:9
    at process.processTicksAndRejections (node:internal/process/task_queues:85:11)
Body: {"category":"Incorrect Salary Amount","subject":"Dispute regarding June 2026 salary slip","description":"I am writing to raise a query regarding my salary slip of June 2026. ","priority":"Medium","attachments":[],"payrollId":"GATECO-EMP-012-June-2026"}

[2026-07-14T04:45:31.655Z] POST /api/v1/payroll-queries
Error: PayrollQuery validation failed: id: Path `id` is required.
Stack: ValidationError: PayrollQuery validation failed: id: Path `id` is required.
    at Document.invalidate (C:\Users\Shubh\Desktop\OMS\backend\node_modules\mongoose\lib\document.js:3381:32)
    at C:\Users\Shubh\Desktop\OMS\backend\node_modules\mongoose\lib\document.js:3142:17
    at C:\Users\Shubh\Desktop\OMS\backend\node_modules\mongoose\lib\schemaType.js:1443:9
    at process.processTicksAndRejections (node:internal/process/task_queues:85:11)
Body: {"category":"Incorrect Salary Amount","subject":"Dispute regarding June 2026 salary slip","description":"I am writing to raise a query regarding my salary slip of June 2026. ","priority":"Medium","attachments":[],"payrollId":"GATECO-EMP-012-June-2026"}

[2026-07-14T05:54:01.219Z] POST /api/v1/payroll-queries/GATECO-PAYR-002/action
Error: Notification validation failed: type: `payroll` is not a valid enum value for path `type`.
Stack: ValidationError: Notification validation failed: type: `payroll` is not a valid enum value for path `type`.
    at Document.invalidate (C:\Users\Shubh\Desktop\OMS\backend\node_modules\mongoose\lib\document.js:3381:32)
    at C:\Users\Shubh\Desktop\OMS\backend\node_modules\mongoose\lib\document.js:3142:17
    at C:\Users\Shubh\Desktop\OMS\backend\node_modules\mongoose\lib\schemaType.js:1443:9
    at process.processTicksAndRejections (node:internal/process/task_queues:85:11)
Body: {"action":"Waiting for Employee","comments":"HR requested more evidence&#x2F;details from employee"}

[2026-07-14T05:56:32.026Z] POST /api/v1/payroll-queries/GATECO-PAYR-002/action
Error: Notification validation failed: type: `payroll` is not a valid enum value for path `type`.
Stack: ValidationError: Notification validation failed: type: `payroll` is not a valid enum value for path `type`.
    at Document.invalidate (C:\Users\Shubh\Desktop\OMS\backend\node_modules\mongoose\lib\document.js:3381:32)
    at C:\Users\Shubh\Desktop\OMS\backend\node_modules\mongoose\lib\document.js:3142:17
    at C:\Users\Shubh\Desktop\OMS\backend\node_modules\mongoose\lib\schemaType.js:1443:9
    at process.processTicksAndRejections (node:internal/process/task_queues:85:11)
Body: {"action":"Waiting for Employee","comments":"HR requested more evidence&#x2F;details from employee"}

[2026-07-14T05:56:36.927Z] POST /api/v1/payroll-queries/GATECO-PAYR-002/action
Error: Notification validation failed: type: `payroll` is not a valid enum value for path `type`.
Stack: ValidationError: Notification validation failed: type: `payroll` is not a valid enum value for path `type`.
    at Document.invalidate (C:\Users\Shubh\Desktop\OMS\backend\node_modules\mongoose\lib\document.js:3381:32)
    at C:\Users\Shubh\Desktop\OMS\backend\node_modules\mongoose\lib\document.js:3142:17
    at C:\Users\Shubh\Desktop\OMS\backend\node_modules\mongoose\lib\schemaType.js:1443:9
    at process.processTicksAndRejections (node:internal/process/task_queues:85:11)
Body: {"action":"Waiting for Employee","comments":"HR requested more evidence&#x2F;details from employee"}

[2026-07-14T06:12:55.868Z] POST /api/v1/payroll-queries/recalculate/GATECO-EMP-012-June-2026
Error: PayrollPayment validation failed: department: Path `department` is required., regime: `-` is not a valid enum value for path `regime`.
Stack: ValidationError: PayrollPayment validation failed: department: Path `department` is required., regime: `-` is not a valid enum value for path `regime`.
    at Document.invalidate (C:\Users\Shubh\Desktop\OMS\backend\node_modules\mongoose\lib\document.js:3381:32)
    at C:\Users\Shubh\Desktop\OMS\backend\node_modules\mongoose\lib\document.js:3142:17
    at C:\Users\Shubh\Desktop\OMS\backend\node_modules\mongoose\lib\schemaType.js:1443:9
    at process.processTicksAndRejections (node:internal/process/task_queues:85:11)
Body: {"action":"adjust_next"}

[2026-07-14T06:16:00.972Z] POST /api/v1/payroll-queries/recalculate/GATECO-EMP-012-June-2026
Error: PayrollPayment validation failed: department: Path `department` is required., regime: `-` is not a valid enum value for path `regime`.
Stack: ValidationError: PayrollPayment validation failed: department: Path `department` is required., regime: `-` is not a valid enum value for path `regime`.
    at Document.invalidate (C:\Users\Shubh\Desktop\OMS\backend\node_modules\mongoose\lib\document.js:3381:32)
    at C:\Users\Shubh\Desktop\OMS\backend\node_modules\mongoose\lib\document.js:3142:17
    at C:\Users\Shubh\Desktop\OMS\backend\node_modules\mongoose\lib\schemaType.js:1443:9
    at process.processTicksAndRejections (node:internal/process/task_queues:85:11)
Body: {"action":"apply_current"}

[2026-07-14T06:36:10.294Z] POST /api/v1/payroll/configs
Error: Access denied: Branch Managers cannot modify global payroll configurations.
Stack: Error: Access denied: Branch Managers cannot modify global payroll configurations.
    at Object.saveGlobalConfigs (file:///C:/Users/Shubh/Desktop/OMS/backend/src/modules/payroll/payroll.service.js:182:17)
    at process.processTicksAndRejections (node:internal/process/task_queues:104:5)
    at async file:///C:/Users/Shubh/Desktop/OMS/backend/src/modules/payroll/payroll.controller.js:75:16
Body: {"id":"GLOBAL_CONFIG","leaveDeductionRate":0,"lateArrivalPenalty":0,"overtimeHourlyRate":0,"taxProfiles":{},"salaryStructures":{"GATECO-EMP-011":{"basic":25000,"hra":10000,"pf":3000,"tds":2500}},"attendanceDaysMap":{}}

[2026-07-14T06:36:28.077Z] POST /api/v1/payroll/configs
Error: Access denied: Branch Managers cannot modify global payroll configurations.
Stack: Error: Access denied: Branch Managers cannot modify global payroll configurations.
    at Object.saveGlobalConfigs (file:///C:/Users/Shubh/Desktop/OMS/backend/src/modules/payroll/payroll.service.js:182:17)
    at process.processTicksAndRejections (node:internal/process/task_queues:104:5)
    at async file:///C:/Users/Shubh/Desktop/OMS/backend/src/modules/payroll/payroll.controller.js:75:16
Body: {"id":"GLOBAL_CONFIG","leaveDeductionRate":0,"lateArrivalPenalty":0,"overtimeHourlyRate":0,"taxProfiles":{},"salaryStructures":{"GATECO-EMP-011":{"basic":15000,"hra":6000,"pf":1800,"tds":1500}},"attendanceDaysMap":{}}

[2026-07-14T06:38:14.567Z] POST /api/v1/payroll/configs
Error: Access denied: Branch Managers cannot modify global payroll configurations.
Stack: Error: Access denied: Branch Managers cannot modify global payroll configurations.
    at Object.saveGlobalConfigs (file:///C:/Users/Shubh/Desktop/OMS/backend/src/modules/payroll/payroll.service.js:198:21)
    at process.processTicksAndRejections (node:internal/process/task_queues:104:5)
    at async file:///C:/Users/Shubh/Desktop/OMS/backend/src/modules/payroll/payroll.controller.js:75:16
Body: {"id":"GLOBAL_CONFIG","leaveDeductionRate":0,"lateArrivalPenalty":0,"overtimeHourlyRate":0,"taxProfiles":{},"salaryStructures":{"GATECO-EMP-011":{"basic":15000,"hra":6000,"pf":1800,"tds":1500}},"attendanceDaysMap":{}}

[2026-07-14T06:38:58.944Z] POST /api/v1/payroll/configs
Error: Access denied: Branch Managers cannot modify global payroll configurations.
Stack: Error: Access denied: Branch Managers cannot modify global payroll configurations.
    at Object.saveGlobalConfigs (file:///C:/Users/Shubh/Desktop/OMS/backend/src/modules/payroll/payroll.service.js:198:21)
    at process.processTicksAndRejections (node:internal/process/task_queues:104:5)
    at async file:///C:/Users/Shubh/Desktop/OMS/backend/src/modules/payroll/payroll.controller.js:75:16
Body: {"id":"GLOBAL_CONFIG","leaveDeductionRate":0,"lateArrivalPenalty":0,"overtimeHourlyRate":0,"taxProfiles":{},"salaryStructures":{"GATECO-EMP-011":{"basic":15000,"hra":6000,"pf":1800,"tds":1500}},"attendanceDaysMap":{}}

[2026-07-14T06:43:51.232Z] POST /api/v1/payroll/configs
Error: Access denied: Branch Managers cannot modify global payroll configurations.
Stack: Error: Access denied: Branch Managers cannot modify global payroll configurations.
    at Object.saveGlobalConfigs (file:///C:/Users/Shubh/Desktop/OMS/backend/src/modules/payroll/payroll.service.js:198:21)
    at process.processTicksAndRejections (node:internal/process/task_queues:104:5)
    at async file:///C:/Users/Shubh/Desktop/OMS/backend/src/modules/payroll/payroll.controller.js:75:16
Body: {"id":"GLOBAL_CONFIG","leaveDeductionRate":0,"lateArrivalPenalty":0,"overtimeHourlyRate":0,"taxProfiles":{},"salaryStructures":{"GATECO-EMP-012":{"basic":32000,"hra":12800,"pf":3840,"tds":3200}},"attendanceDaysMap":{}}

[2026-07-14T06:44:54.690Z] POST /api/v1/payroll/configs
Error: Access denied: Branch Managers cannot modify global payroll configurations.
Stack: Error: Access denied: Branch Managers cannot modify global payroll configurations.
    at Object.saveGlobalConfigs (file:///C:/Users/Shubh/Desktop/OMS/backend/src/modules/payroll/payroll.service.js:198:21)
    at process.processTicksAndRejections (node:internal/process/task_queues:104:5)
    at async file:///C:/Users/Shubh/Desktop/OMS/backend/src/modules/payroll/payroll.controller.js:75:16
Body: {"id":"GLOBAL_CONFIG","leaveDeductionRate":0,"lateArrivalPenalty":0,"overtimeHourlyRate":0,"taxProfiles":{},"salaryStructures":{"GATECO-EMP-012":{"basic":32000,"hra":12800,"pf":3840,"tds":3200}},"attendanceDaysMap":{}}

[2026-07-14T06:50:34.420Z] POST /api/v1/payroll/configs
Error: Access denied: Branch Managers cannot modify global payroll configurations.
Stack: Error: Access denied: Branch Managers cannot modify global payroll configurations.
    at Object.saveGlobalConfigs (file:///C:/Users/Shubh/Desktop/OMS/backend/src/modules/payroll/payroll.service.js:198:21)
    at process.processTicksAndRejections (node:internal/process/task_queues:104:5)
    at async file:///C:/Users/Shubh/Desktop/OMS/backend/src/modules/payroll/payroll.controller.js:75:16
Body: {"id":"GLOBAL_CONFIG","leaveDeductionRate":0,"lateArrivalPenalty":0,"overtimeHourlyRate":0,"taxProfiles":{},"salaryStructures":{"GATECO-EMP-011":{"basic":15000,"hra":6000,"pf":1800,"tds":1500}},"attendanceDaysMap":{}}

[2026-07-14T08:19:41.428Z] POST /api/v1/auth/login
Error: Invalid email or password
Stack: Error: Invalid email or password
    at Object.login (file:///C:/Users/Shubh/Desktop/OMS/backend/src/modules/auth/auth.service.js:151:17)
    at process.processTicksAndRejections (node:internal/process/task_queues:104:5)
    at async file:///C:/Users/Shubh/Desktop/OMS/backend/src/modules/auth/auth.controller.js:26:16
Body: {"email":"aniemsh@gmail.com","password":"password"}

[2026-07-14T09:03:25.571Z] PUT /api/v1/leaves/LR-144
Error: Access denied: Resource is in department "IT", which is outside your scoped department "—".
Stack: Error: Access denied: Resource is in department "IT", which is outside your scoped department "—".
    at validateDepartmentScope (file:///C:/Users/Shubh/Desktop/OMS/backend/src/security/repositoryContract.js:98:17)
    at validateRepositoryAccess (file:///C:/Users/Shubh/Desktop/OMS/backend/src/security/repositoryContract.js:228:3)
    at process.processTicksAndRejections (node:internal/process/task_queues:104:5)
    at async Object.update (file:///C:/Users/Shubh/Desktop/OMS/backend/src/modules/leaves/leaves.repository.js:147:7)
    at async Object.updateRecord (file:///C:/Users/Shubh/Desktop/OMS/backend/src/modules/leaves/leaves.service.js:318:18)
    at async file:///C:/Users/Shubh/Desktop/OMS/backend/src/modules/leaves/leaves.controller.js:26:16
Body: {"status":"Rejected","approverNotes":"Rejected by Manager","history":[{"date":"2026-07-14","status":"Rejected","comment":"Rejected by Akshita: "}]}

[2026-07-14T09:03:34.654Z] PUT /api/v1/leaves/LR-144
Error: Access denied: Resource is in department "IT", which is outside your scoped department "—".
Stack: Error: Access denied: Resource is in department "IT", which is outside your scoped department "—".
    at validateDepartmentScope (file:///C:/Users/Shubh/Desktop/OMS/backend/src/security/repositoryContract.js:98:17)
    at validateRepositoryAccess (file:///C:/Users/Shubh/Desktop/OMS/backend/src/security/repositoryContract.js:228:3)
    at process.processTicksAndRejections (node:internal/process/task_queues:104:5)
    at async Object.update (file:///C:/Users/Shubh/Desktop/OMS/backend/src/modules/leaves/leaves.repository.js:147:7)
    at async Object.updateRecord (file:///C:/Users/Shubh/Desktop/OMS/backend/src/modules/leaves/leaves.service.js:318:18)
    at async file:///C:/Users/Shubh/Desktop/OMS/backend/src/modules/leaves/leaves.controller.js:26:16
Body: {"status":"Rejected","approverNotes":"Rejected by Manager","history":[{"date":"2026-07-14","status":"Rejected","comment":"Rejected by Akshita: "}]}

[2026-07-14T09:18:41.902Z] GET /api/v1/chat/messages/6a55fef14951810082f982ed
Error: Message.findOne(...).lean is not a function
Stack: TypeError: Message.findOne(...).lean is not a function
    at file:///C:/Users/Shubh/Desktop/OMS/backend/src/modules/chat/chat.service.js:497:8
    at AsyncLocalStorage.run (node:internal/async_local_storage/async_context_frame:63:14)
    at runWithTenant (file:///C:/Users/Shubh/Desktop/OMS/backend/src/utils/tenantContext.js:41:24)
    at process.processTicksAndRejections (node:internal/process/task_queues:104:5)
Body: {}

[2026-07-14T09:38:19.237Z] GET /api/v1/chat/messages/6a56038a4951810082f995dd
Error: Message.findOne(...).lean is not a function
Stack: TypeError: Message.findOne(...).lean is not a function
    at file:///C:/Users/Shubh/Desktop/OMS/backend/src/modules/chat/chat.service.js:497:8
    at AsyncLocalStorage.run (node:internal/async_local_storage/async_context_frame:63:14)
    at runWithTenant (file:///C:/Users/Shubh/Desktop/OMS/backend/src/utils/tenantContext.js:41:24)
    at process.processTicksAndRejections (node:internal/process/task_queues:104:5)
Body: {}

[2026-07-15T06:35:42.875Z] PUT /api/v1/work-reports/REP-025
Error: connection <monitor> to 159.41.183.253:27017 timed out
Stack: MongoServerSelectionError: connection <monitor> to 159.41.183.253:27017 timed out
    at Topology.selectServer (C:\Users\Shubh\Desktop\OMS\backend\node_modules\mongodb\lib\sdam\topology.js:327:38)
    at async tryOperation (C:\Users\Shubh\Desktop\OMS\backend\node_modules\mongodb\lib\operations\execute_operation.js:148:18)
    at async executeOperation (C:\Users\Shubh\Desktop\OMS\backend\node_modules\mongodb\lib\operations\execute_operation.js:78:16)
    at async FindCursor._initialize (C:\Users\Shubh\Desktop\OMS\backend\node_modules\mongodb\lib\cursor\find_cursor.js:62:26)
    at async FindCursor.cursorInit (C:\Users\Shubh\Desktop\OMS\backend\node_modules\mongodb\lib\cursor\abstract_cursor.js:632:27)
    at async FindCursor.fetchBatch (C:\Users\Shubh\Desktop\OMS\backend\node_modules\mongodb\lib\cursor\abstract_cursor.js:666:13)
    at async FindCursor.next (C:\Users\Shubh\Desktop\OMS\backend\node_modules\mongodb\lib\cursor\abstract_cursor.js:342:17)
    at async Collection.findOne (C:\Users\Shubh\Desktop\OMS\backend\node_modules\mongodb\lib\collection.js:313:24)
    at async model.Query._findOne (C:\Users\Shubh\Desktop\OMS\backend\node_modules\mongoose\lib\query.js:2710:15)
    at async model.Query.exec (C:\Users\Shubh\Desktop\OMS\backend\node_modules\mongoose\lib\query.js:4627:63)
Body: {"date":"2026-07-13","project":"OMS","tasksAssigned":1,"tasksCompleted":1,"summary":"Test the payroll section , add new features and fixes bugs.","majorAccomplishments":"All the Task Done","completedTaskIds":["t-PRJ-001-12-3LOI"],"employeeId":"GATECO-EMP-012","employeeName":"Animesh Jain","department":"IT","team":"Operations","submittedTime":"2026-07-15T06:35:27.564Z","status":"Approved","productivityScore":100,"approvalHistory":[{"role":"Employee","user":"Animesh Jain","action":"Submitted","timestamp":"2026-07-14T11:51:41.300Z","comments":"Daily report submitted.","_id":"6a5622d013d7ea9711a0239b"},{"role":"Team Leader","user":"Geeta Bisht","action":"Approved","timestamp":"2026-07-15T06:03:48.458Z","comments":"","_id":"6a5722c8791acf8d1b4f313a"},{"role":"Employee","user":"Animesh Jain","action":"Updated","timestamp":"2026-07-15T06:35:27.564Z","comments":"Daily report updated."}]}

[2026-07-15T08:10:48.946Z] GET /api/events/upcoming?limit=10
Error: read ECONNRESET
Stack: MongoServerSelectionError: read ECONNRESET
    at Topology.selectServer (C:\Users\Shubh\Desktop\OMS\backend\node_modules\mongodb\lib\sdam\topology.js:327:38)
    at async tryOperation (C:\Users\Shubh\Desktop\OMS\backend\node_modules\mongodb\lib\operations\execute_operation.js:148:18)
    at async executeOperation (C:\Users\Shubh\Desktop\OMS\backend\node_modules\mongodb\lib\operations\execute_operation.js:78:16)
    at async FindCursor._initialize (C:\Users\Shubh\Desktop\OMS\backend\node_modules\mongodb\lib\cursor\find_cursor.js:62:26)
    at async FindCursor.cursorInit (C:\Users\Shubh\Desktop\OMS\backend\node_modules\mongodb\lib\cursor\abstract_cursor.js:632:27)
    at async FindCursor.fetchBatch (C:\Users\Shubh\Desktop\OMS\backend\node_modules\mongodb\lib\cursor\abstract_cursor.js:666:13)
    at async FindCursor.next (C:\Users\Shubh\Desktop\OMS\backend\node_modules\mongodb\lib\cursor\abstract_cursor.js:342:17)
    at async Collection.findOne (C:\Users\Shubh\Desktop\OMS\backend\node_modules\mongodb\lib\collection.js:313:24)
    at async model.Query._findOne (C:\Users\Shubh\Desktop\OMS\backend\node_modules\mongoose\lib\query.js:2710:15)
    at async model.Query.exec (C:\Users\Shubh\Desktop\OMS\backend\node_modules\mongoose\lib\query.js:4627:63)
Body: {}

[2026-07-15T08:10:48.968Z] GET /api/v1/chat/users/blocked
Error: read ECONNRESET
Stack: MongoServerSelectionError: read ECONNRESET
    at Topology.selectServer (C:\Users\Shubh\Desktop\OMS\backend\node_modules\mongodb\lib\sdam\topology.js:327:38)
    at async tryOperation (C:\Users\Shubh\Desktop\OMS\backend\node_modules\mongodb\lib\operations\execute_operation.js:148:18)
    at async executeOperation (C:\Users\Shubh\Desktop\OMS\backend\node_modules\mongodb\lib\operations\execute_operation.js:78:16)
    at async FindCursor._initialize (C:\Users\Shubh\Desktop\OMS\backend\node_modules\mongodb\lib\cursor\find_cursor.js:62:26)
    at async FindCursor.cursorInit (C:\Users\Shubh\Desktop\OMS\backend\node_modules\mongodb\lib\cursor\abstract_cursor.js:632:27)
    at async FindCursor.fetchBatch (C:\Users\Shubh\Desktop\OMS\backend\node_modules\mongodb\lib\cursor\abstract_cursor.js:666:13)
    at async FindCursor.next (C:\Users\Shubh\Desktop\OMS\backend\node_modules\mongodb\lib\cursor\abstract_cursor.js:342:17)
    at async Collection.findOne (C:\Users\Shubh\Desktop\OMS\backend\node_modules\mongodb\lib\collection.js:313:24)
    at async model.Query._findOne (C:\Users\Shubh\Desktop\OMS\backend\node_modules\mongoose\lib\query.js:2710:15)
    at async model.Query.exec (C:\Users\Shubh\Desktop\OMS\backend\node_modules\mongoose\lib\query.js:4627:63)
Body: {}

[2026-07-15T08:10:48.985Z] GET /api/v1/chat/conversations
Error: read ECONNRESET
Stack: MongoServerSelectionError: read ECONNRESET
    at Topology.selectServer (C:\Users\Shubh\Desktop\OMS\backend\node_modules\mongodb\lib\sdam\topology.js:327:38)
    at runNextTicks (node:internal/process/task_queues:65:5)
    at listOnTimeout (node:internal/timers:567:9)
    at process.processTimers (node:internal/timers:541:7)
    at async tryOperation (C:\Users\Shubh\Desktop\OMS\backend\node_modules\mongodb\lib\operations\execute_operation.js:148:18)
    at async executeOperation (C:\Users\Shubh\Desktop\OMS\backend\node_modules\mongodb\lib\operations\execute_operation.js:78:16)
    at async FindCursor._initialize (C:\Users\Shubh\Desktop\OMS\backend\node_modules\mongodb\lib\cursor\find_cursor.js:62:26)
    at async FindCursor.cursorInit (C:\Users\Shubh\Desktop\OMS\backend\node_modules\mongodb\lib\cursor\abstract_cursor.js:632:27)
    at async FindCursor.fetchBatch (C:\Users\Shubh\Desktop\OMS\backend\node_modules\mongodb\lib\cursor\abstract_cursor.js:666:13)
    at async FindCursor.next (C:\Users\Shubh\Desktop\OMS\backend\node_modules\mongodb\lib\cursor\abstract_cursor.js:342:17)
Body: {}

[2026-07-15T08:10:48.989Z] GET /api/v1/chat/threads/activity
Error: read ECONNRESET
Stack: MongoServerSelectionError: read ECONNRESET
    at Topology.selectServer (C:\Users\Shubh\Desktop\OMS\backend\node_modules\mongodb\lib\sdam\topology.js:327:38)
    at async tryOperation (C:\Users\Shubh\Desktop\OMS\backend\node_modules\mongodb\lib\operations\execute_operation.js:148:18)
    at async executeOperation (C:\Users\Shubh\Desktop\OMS\backend\node_modules\mongodb\lib\operations\execute_operation.js:78:16)
    at async FindCursor._initialize (C:\Users\Shubh\Desktop\OMS\backend\node_modules\mongodb\lib\cursor\find_cursor.js:62:26)
    at async FindCursor.cursorInit (C:\Users\Shubh\Desktop\OMS\backend\node_modules\mongodb\lib\cursor\abstract_cursor.js:632:27)
    at async FindCursor.fetchBatch (C:\Users\Shubh\Desktop\OMS\backend\node_modules\mongodb\lib\cursor\abstract_cursor.js:666:13)
    at async FindCursor.next (C:\Users\Shubh\Desktop\OMS\backend\node_modules\mongodb\lib\cursor\abstract_cursor.js:342:17)
    at async Collection.findOne (C:\Users\Shubh\Desktop\OMS\backend\node_modules\mongodb\lib\collection.js:313:24)
    at async model.Query._findOne (C:\Users\Shubh\Desktop\OMS\backend\node_modules\mongoose\lib\query.js:2710:15)
    at async model.Query.exec (C:\Users\Shubh\Desktop\OMS\backend\node_modules\mongoose\lib\query.js:4627:63)
Body: {}

[2026-07-15T08:10:49.029Z] GET /api/v1/employees
Error: read ECONNRESET
Stack: MongoServerSelectionError: read ECONNRESET
    at Topology.selectServer (C:\Users\Shubh\Desktop\OMS\backend\node_modules\mongodb\lib\sdam\topology.js:327:38)
    at runNextTicks (node:internal/process/task_queues:65:5)
    at listOnTimeout (node:internal/timers:567:9)
    at process.processTimers (node:internal/timers:541:7)
    at async tryOperation (C:\Users\Shubh\Desktop\OMS\backend\node_modules\mongodb\lib\operations\execute_operation.js:148:18)
    at async executeOperation (C:\Users\Shubh\Desktop\OMS\backend\node_modules\mongodb\lib\operations\execute_operation.js:78:16)
    at async FindCursor._initialize (C:\Users\Shubh\Desktop\OMS\backend\node_modules\mongodb\lib\cursor\find_cursor.js:62:26)
    at async FindCursor.cursorInit (C:\Users\Shubh\Desktop\OMS\backend\node_modules\mongodb\lib\cursor\abstract_cursor.js:632:27)
    at async FindCursor.fetchBatch (C:\Users\Shubh\Desktop\OMS\backend\node_modules\mongodb\lib\cursor\abstract_cursor.js:666:13)
    at async FindCursor.next (C:\Users\Shubh\Desktop\OMS\backend\node_modules\mongodb\lib\cursor\abstract_cursor.js:342:17)
Body: {}

[2026-07-15T08:10:49.034Z] GET /api/v1/roles
Error: read ECONNRESET
Stack: MongoServerSelectionError: read ECONNRESET
    at Topology.selectServer (C:\Users\Shubh\Desktop\OMS\backend\node_modules\mongodb\lib\sdam\topology.js:327:38)
    at async tryOperation (C:\Users\Shubh\Desktop\OMS\backend\node_modules\mongodb\lib\operations\execute_operation.js:148:18)
    at async executeOperation (C:\Users\Shubh\Desktop\OMS\backend\node_modules\mongodb\lib\operations\execute_operation.js:78:16)
    at async FindCursor._initialize (C:\Users\Shubh\Desktop\OMS\backend\node_modules\mongodb\lib\cursor\find_cursor.js:62:26)
    at async FindCursor.cursorInit (C:\Users\Shubh\Desktop\OMS\backend\node_modules\mongodb\lib\cursor\abstract_cursor.js:632:27)
    at async FindCursor.fetchBatch (C:\Users\Shubh\Desktop\OMS\backend\node_modules\mongodb\lib\cursor\abstract_cursor.js:666:13)
    at async FindCursor.next (C:\Users\Shubh\Desktop\OMS\backend\node_modules\mongodb\lib\cursor\abstract_cursor.js:342:17)
    at async Collection.findOne (C:\Users\Shubh\Desktop\OMS\backend\node_modules\mongodb\lib\collection.js:313:24)
    at async model.Query._findOne (C:\Users\Shubh\Desktop\OMS\backend\node_modules\mongoose\lib\query.js:2710:15)
    at async model.Query.exec (C:\Users\Shubh\Desktop\OMS\backend\node_modules\mongoose\lib\query.js:4627:63)
Body: {}

[2026-07-15T08:32:15.781Z] PUT /api/v1/work-reports/REP-029
Error: read ECONNRESET
Stack: MongoServerSelectionError: read ECONNRESET
    at Topology.selectServer (C:\Users\Shubh\Desktop\OMS\backend\node_modules\mongodb\lib\sdam\topology.js:327:38)
    at async tryOperation (C:\Users\Shubh\Desktop\OMS\backend\node_modules\mongodb\lib\operations\execute_operation.js:148:18)
    at async executeOperation (C:\Users\Shubh\Desktop\OMS\backend\node_modules\mongodb\lib\operations\execute_operation.js:78:16)
    at async FindCursor._initialize (C:\Users\Shubh\Desktop\OMS\backend\node_modules\mongodb\lib\cursor\find_cursor.js:62:26)
    at async FindCursor.cursorInit (C:\Users\Shubh\Desktop\OMS\backend\node_modules\mongodb\lib\cursor\abstract_cursor.js:632:27)
    at async FindCursor.fetchBatch (C:\Users\Shubh\Desktop\OMS\backend\node_modules\mongodb\lib\cursor\abstract_cursor.js:666:13)
    at async FindCursor.next (C:\Users\Shubh\Desktop\OMS\backend\node_modules\mongodb\lib\cursor\abstract_cursor.js:342:17)
    at async Collection.findOne (C:\Users\Shubh\Desktop\OMS\backend\node_modules\mongodb\lib\collection.js:313:24)
    at async model.Query._findOne (C:\Users\Shubh\Desktop\OMS\backend\node_modules\mongoose\lib\query.js:2710:15)
    at async model.Query.exec (C:\Users\Shubh\Desktop\OMS\backend\node_modules\mongoose\lib\query.js:4627:63)
Body: {"date":"2026-07-15","project":"OMS","tasksAssigned":1,"tasksCompleted":1,"summary":"Done","majorAccomplishments":"Done","completedTaskIds":["t-PRJ-001-18-20NB"],"employeeId":"GATECO-EMP-012","employeeName":"Animesh Jain","department":"IT","team":"Operations","submittedTime":"2026-07-15T08:31:59.161Z","status":"Submitted","productivityScore":100,"approvalHistory":[{"role":"Employee","user":"Animesh Jain","action":"Submitted","timestamp":"2026-07-15T08:31:59.161Z","comments":"Daily report submitted."}]}

[2026-07-15T08:34:58.411Z] GET /api/v1/work-reports/check?employeeId=GATECO-EMP-012&date=2026-07-14
Error: read ECONNRESET
Stack: MongoServerSelectionError: read ECONNRESET
    at Topology.selectServer (C:\Users\Shubh\Desktop\OMS\backend\node_modules\mongodb\lib\sdam\topology.js:327:38)
    at async tryOperation (C:\Users\Shubh\Desktop\OMS\backend\node_modules\mongodb\lib\operations\execute_operation.js:148:18)
    at async executeOperation (C:\Users\Shubh\Desktop\OMS\backend\node_modules\mongodb\lib\operations\execute_operation.js:78:16)
    at async FindCursor._initialize (C:\Users\Shubh\Desktop\OMS\backend\node_modules\mongodb\lib\cursor\find_cursor.js:62:26)
    at async FindCursor.cursorInit (C:\Users\Shubh\Desktop\OMS\backend\node_modules\mongodb\lib\cursor\abstract_cursor.js:632:27)
    at async FindCursor.fetchBatch (C:\Users\Shubh\Desktop\OMS\backend\node_modules\mongodb\lib\cursor\abstract_cursor.js:666:13)
    at async FindCursor.next (C:\Users\Shubh\Desktop\OMS\backend\node_modules\mongodb\lib\cursor\abstract_cursor.js:342:17)
    at async Collection.findOne (C:\Users\Shubh\Desktop\OMS\backend\node_modules\mongodb\lib\collection.js:313:24)
    at async model.Query._findOne (C:\Users\Shubh\Desktop\OMS\backend\node_modules\mongoose\lib\query.js:2710:15)
    at async model.Query.exec (C:\Users\Shubh\Desktop\OMS\backend\node_modules\mongoose\lib\query.js:4627:63)
Body: {}

[2026-07-15T08:36:23.639Z] PATCH /api/v1/chat/conversations/GATECO-CONV-024/read
Error: Access denied: You are not authorized to update or delete another employee's record.
Stack: Error: Access denied: You are not authorized to update or delete another employee's record.
    at validateOwnership (file:///C:/Users/Shubh/Desktop/OMS/backend/src/security/repositoryContract.js:131:19)
    at validateRepositoryAccess (file:///C:/Users/Shubh/Desktop/OMS/backend/src/security/repositoryContract.js:222:5)
    at process.processTicksAndRejections (node:internal/process/task_queues:104:5)
    at async Object.updateMany (file:///C:/Users/Shubh/Desktop/OMS/backend/src/modules/chat/message.repository.js:135:5)
    at async file:///C:/Users/Shubh/Desktop/OMS/backend/src/modules/chat/chat.service.js:659:5
    at async file:///C:/Users/Shubh/Desktop/OMS/backend/src/modules/chat/chat.controller.js:194:18
Body: {}

[2026-07-15T08:36:23.970Z] PATCH /api/v1/chat/conversations/GATECO-CONV-024/read
Error: Access denied: You are not authorized to update or delete another employee's record.
Stack: Error: Access denied: You are not authorized to update or delete another employee's record.
    at validateOwnership (file:///C:/Users/Shubh/Desktop/OMS/backend/src/security/repositoryContract.js:131:19)
    at validateRepositoryAccess (file:///C:/Users/Shubh/Desktop/OMS/backend/src/security/repositoryContract.js:222:5)
    at process.processTicksAndRejections (node:internal/process/task_queues:104:5)
    at async Object.updateMany (file:///C:/Users/Shubh/Desktop/OMS/backend/src/modules/chat/message.repository.js:135:5)
    at async file:///C:/Users/Shubh/Desktop/OMS/backend/src/modules/chat/chat.service.js:659:5
    at async file:///C:/Users/Shubh/Desktop/OMS/backend/src/modules/chat/chat.controller.js:194:18
Body: {}

[2026-07-15T08:37:42.349Z] GET /api/v1/payroll/all
Error: read ECONNRESET
Stack: MongoServerSelectionError: read ECONNRESET
    at Topology.selectServer (C:\Users\Shubh\Desktop\OMS\backend\node_modules\mongodb\lib\sdam\topology.js:327:38)
    at runNextTicks (node:internal/process/task_queues:65:5)
    at listOnTimeout (node:internal/timers:567:9)
    at process.processTimers (node:internal/timers:541:7)
    at async tryOperation (C:\Users\Shubh\Desktop\OMS\backend\node_modules\mongodb\lib\operations\execute_operation.js:148:18)
    at async executeOperation (C:\Users\Shubh\Desktop\OMS\backend\node_modules\mongodb\lib\operations\execute_operation.js:78:16)
    at async FindCursor._initialize (C:\Users\Shubh\Desktop\OMS\backend\node_modules\mongodb\lib\cursor\find_cursor.js:62:26)
    at async FindCursor.cursorInit (C:\Users\Shubh\Desktop\OMS\backend\node_modules\mongodb\lib\cursor\abstract_cursor.js:632:27)
    at async FindCursor.fetchBatch (C:\Users\Shubh\Desktop\OMS\backend\node_modules\mongodb\lib\cursor\abstract_cursor.js:666:13)
    at async FindCursor.next (C:\Users\Shubh\Desktop\OMS\backend\node_modules\mongodb\lib\cursor\abstract_cursor.js:342:17)
Body: {}

[2026-07-15T08:37:42.355Z] GET /api/v1/attendance/payroll-summary?month=2026-07
Error: read ECONNRESET
Stack: MongoServerSelectionError: read ECONNRESET
    at Topology.selectServer (C:\Users\Shubh\Desktop\OMS\backend\node_modules\mongodb\lib\sdam\topology.js:327:38)
    at async tryOperation (C:\Users\Shubh\Desktop\OMS\backend\node_modules\mongodb\lib\operations\execute_operation.js:148:18)
    at async executeOperation (C:\Users\Shubh\Desktop\OMS\backend\node_modules\mongodb\lib\operations\execute_operation.js:78:16)
    at async FindCursor._initialize (C:\Users\Shubh\Desktop\OMS\backend\node_modules\mongodb\lib\cursor\find_cursor.js:62:26)
    at async FindCursor.cursorInit (C:\Users\Shubh\Desktop\OMS\backend\node_modules\mongodb\lib\cursor\abstract_cursor.js:632:27)
    at async FindCursor.fetchBatch (C:\Users\Shubh\Desktop\OMS\backend\node_modules\mongodb\lib\cursor\abstract_cursor.js:666:13)
    at async FindCursor.next (C:\Users\Shubh\Desktop\OMS\backend\node_modules\mongodb\lib\cursor\abstract_cursor.js:342:17)
    at async Collection.findOne (C:\Users\Shubh\Desktop\OMS\backend\node_modules\mongodb\lib\collection.js:313:24)
    at async model.Query._findOne (C:\Users\Shubh\Desktop\OMS\backend\node_modules\mongoose\lib\query.js:2710:15)
    at async model.Query.exec (C:\Users\Shubh\Desktop\OMS\backend\node_modules\mongoose\lib\query.js:4627:63)
Body: {}

[2026-07-15T08:37:42.486Z] GET /api/events?from=2026-07-15&to=2026-07-15
Error: read ECONNRESET
Stack: MongoServerSelectionError: read ECONNRESET
    at Topology.selectServer (C:\Users\Shubh\Desktop\OMS\backend\node_modules\mongodb\lib\sdam\topology.js:327:38)
    at async tryOperation (C:\Users\Shubh\Desktop\OMS\backend\node_modules\mongodb\lib\operations\execute_operation.js:148:18)
    at async executeOperation (C:\Users\Shubh\Desktop\OMS\backend\node_modules\mongodb\lib\operations\execute_operation.js:78:16)
    at async FindCursor._initialize (C:\Users\Shubh\Desktop\OMS\backend\node_modules\mongodb\lib\cursor\find_cursor.js:62:26)
    at async FindCursor.cursorInit (C:\Users\Shubh\Desktop\OMS\backend\node_modules\mongodb\lib\cursor\abstract_cursor.js:632:27)
    at async FindCursor.fetchBatch (C:\Users\Shubh\Desktop\OMS\backend\node_modules\mongodb\lib\cursor\abstract_cursor.js:666:13)
    at async FindCursor.next (C:\Users\Shubh\Desktop\OMS\backend\node_modules\mongodb\lib\cursor\abstract_cursor.js:342:17)
    at async Collection.findOne (C:\Users\Shubh\Desktop\OMS\backend\node_modules\mongodb\lib\collection.js:313:24)
    at async model.Query._findOne (C:\Users\Shubh\Desktop\OMS\backend\node_modules\mongoose\lib\query.js:2710:15)
    at async model.Query.exec (C:\Users\Shubh\Desktop\OMS\backend\node_modules\mongoose\lib\query.js:4627:63)
Body: {}

[2026-07-15T08:43:07.891Z] GET /api/events?from=2026-06-28&to=2026-08-08
Error: read ECONNRESET
Stack: MongoServerSelectionError: read ECONNRESET
    at Topology.selectServer (C:\Users\Shubh\Desktop\OMS\backend\node_modules\mongodb\lib\sdam\topology.js:327:38)
    at async tryOperation (C:\Users\Shubh\Desktop\OMS\backend\node_modules\mongodb\lib\operations\execute_operation.js:148:18)
    at async executeOperation (C:\Users\Shubh\Desktop\OMS\backend\node_modules\mongodb\lib\operations\execute_operation.js:78:16)
    at async FindCursor._initialize (C:\Users\Shubh\Desktop\OMS\backend\node_modules\mongodb\lib\cursor\find_cursor.js:62:26)
    at async FindCursor.cursorInit (C:\Users\Shubh\Desktop\OMS\backend\node_modules\mongodb\lib\cursor\abstract_cursor.js:632:27)
    at async FindCursor.fetchBatch (C:\Users\Shubh\Desktop\OMS\backend\node_modules\mongodb\lib\cursor\abstract_cursor.js:666:13)
    at async FindCursor.next (C:\Users\Shubh\Desktop\OMS\backend\node_modules\mongodb\lib\cursor\abstract_cursor.js:342:17)
    at async Collection.findOne (C:\Users\Shubh\Desktop\OMS\backend\node_modules\mongodb\lib\collection.js:313:24)
    at async model.Query._findOne (C:\Users\Shubh\Desktop\OMS\backend\node_modules\mongoose\lib\query.js:2710:15)
    at async model.Query.exec (C:\Users\Shubh\Desktop\OMS\backend\node_modules\mongoose\lib\query.js:4627:63)
Body: {}

[2026-07-15T08:43:22.930Z] GET /api/events?from=2026-06-28&to=2026-08-08
Error: connect ETIMEDOUT 159.41.183.218:27017
Stack: MongoServerSelectionError: connect ETIMEDOUT 159.41.183.218:27017
    at Topology.selectServer (C:\Users\Shubh\Desktop\OMS\backend\node_modules\mongodb\lib\sdam\topology.js:327:38)
    at async tryOperation (C:\Users\Shubh\Desktop\OMS\backend\node_modules\mongodb\lib\operations\execute_operation.js:148:18)
    at async executeOperation (C:\Users\Shubh\Desktop\OMS\backend\node_modules\mongodb\lib\operations\execute_operation.js:78:16)
    at async FindCursor._initialize (C:\Users\Shubh\Desktop\OMS\backend\node_modules\mongodb\lib\cursor\find_cursor.js:62:26)
    at async FindCursor.cursorInit (C:\Users\Shubh\Desktop\OMS\backend\node_modules\mongodb\lib\cursor\abstract_cursor.js:632:27)
    at async FindCursor.fetchBatch (C:\Users\Shubh\Desktop\OMS\backend\node_modules\mongodb\lib\cursor\abstract_cursor.js:666:13)
    at async FindCursor.next (C:\Users\Shubh\Desktop\OMS\backend\node_modules\mongodb\lib\cursor\abstract_cursor.js:342:17)
    at async Collection.findOne (C:\Users\Shubh\Desktop\OMS\backend\node_modules\mongodb\lib\collection.js:313:24)
    at async model.Query._findOne (C:\Users\Shubh\Desktop\OMS\backend\node_modules\mongoose\lib\query.js:2710:15)
    at async model.Query.exec (C:\Users\Shubh\Desktop\OMS\backend\node_modules\mongoose\lib\query.js:4627:63)
Body: {}

[2026-07-15T08:43:23.183Z] GET /api/v1/chat/conversations/GATECO-CONV-019/messages?limit=20
Error: connect ETIMEDOUT 159.41.183.218:27017
Stack: MongoServerSelectionError: connect ETIMEDOUT 159.41.183.218:27017
    at Topology.selectServer (C:\Users\Shubh\Desktop\OMS\backend\node_modules\mongodb\lib\sdam\topology.js:327:38)
    at async tryOperation (C:\Users\Shubh\Desktop\OMS\backend\node_modules\mongodb\lib\operations\execute_operation.js:148:18)
    at async executeOperation (C:\Users\Shubh\Desktop\OMS\backend\node_modules\mongodb\lib\operations\execute_operation.js:78:16)
    at async FindCursor._initialize (C:\Users\Shubh\Desktop\OMS\backend\node_modules\mongodb\lib\cursor\find_cursor.js:62:26)
    at async FindCursor.cursorInit (C:\Users\Shubh\Desktop\OMS\backend\node_modules\mongodb\lib\cursor\abstract_cursor.js:632:27)
    at async FindCursor.fetchBatch (C:\Users\Shubh\Desktop\OMS\backend\node_modules\mongodb\lib\cursor\abstract_cursor.js:666:13)
    at async FindCursor.next (C:\Users\Shubh\Desktop\OMS\backend\node_modules\mongodb\lib\cursor\abstract_cursor.js:342:17)
    at async Collection.findOne (C:\Users\Shubh\Desktop\OMS\backend\node_modules\mongodb\lib\collection.js:313:24)
    at async model.Query._findOne (C:\Users\Shubh\Desktop\OMS\backend\node_modules\mongoose\lib\query.js:2710:15)
    at async model.Query.exec (C:\Users\Shubh\Desktop\OMS\backend\node_modules\mongoose\lib\query.js:4627:63)
Body: {}

[2026-07-15T08:43:23.219Z] GET /api/v1/chat/conversations/GATECO-CONV-019/pinned?page=1&limit=10
Error: connect ETIMEDOUT 159.41.183.218:27017
Stack: MongoServerSelectionError: connect ETIMEDOUT 159.41.183.218:27017
    at Topology.selectServer (C:\Users\Shubh\Desktop\OMS\backend\node_modules\mongodb\lib\sdam\topology.js:327:38)
    at async tryOperation (C:\Users\Shubh\Desktop\OMS\backend\node_modules\mongodb\lib\operations\execute_operation.js:148:18)
    at async executeOperation (C:\Users\Shubh\Desktop\OMS\backend\node_modules\mongodb\lib\operations\execute_operation.js:78:16)
    at async FindCursor._initialize (C:\Users\Shubh\Desktop\OMS\backend\node_modules\mongodb\lib\cursor\find_cursor.js:62:26)
    at async FindCursor.cursorInit (C:\Users\Shubh\Desktop\OMS\backend\node_modules\mongodb\lib\cursor\abstract_cursor.js:632:27)
    at async FindCursor.fetchBatch (C:\Users\Shubh\Desktop\OMS\backend\node_modules\mongodb\lib\cursor\abstract_cursor.js:666:13)
    at async FindCursor.next (C:\Users\Shubh\Desktop\OMS\backend\node_modules\mongodb\lib\cursor\abstract_cursor.js:342:17)
    at async Collection.findOne (C:\Users\Shubh\Desktop\OMS\backend\node_modules\mongodb\lib\collection.js:313:24)
    at async model.Query._findOne (C:\Users\Shubh\Desktop\OMS\backend\node_modules\mongoose\lib\query.js:2710:15)
    at async model.Query.exec (C:\Users\Shubh\Desktop\OMS\backend\node_modules\mongoose\lib\query.js:4627:63)
Body: {}

[2026-07-15T08:43:30.082Z] PATCH /api/v1/chat/conversations/GATECO-CONV-019/read
Error: Access denied: You are not authorized to update or delete another employee's record.
Stack: Error: Access denied: You are not authorized to update or delete another employee's record.
    at validateOwnership (file:///C:/Users/Shubh/Desktop/OMS/backend/src/security/repositoryContract.js:131:19)
    at validateRepositoryAccess (file:///C:/Users/Shubh/Desktop/OMS/backend/src/security/repositoryContract.js:222:5)
    at process.processTicksAndRejections (node:internal/process/task_queues:104:5)
    at async Object.updateMany (file:///C:/Users/Shubh/Desktop/OMS/backend/src/modules/chat/message.repository.js:135:5)
    at async file:///C:/Users/Shubh/Desktop/OMS/backend/src/modules/chat/chat.service.js:659:5
    at async file:///C:/Users/Shubh/Desktop/OMS/backend/src/modules/chat/chat.controller.js:194:18
Body: {}

[2026-07-15T09:10:54.995Z] PATCH /api/v1/chat/conversations/GATECO-CONV-024/read
Error: Access denied: You are not authorized to update or delete another employee's record.
Stack: Error: Access denied: You are not authorized to update or delete another employee's record.
    at validateOwnership (file:///C:/Users/Shubh/Desktop/OMS/backend/src/security/repositoryContract.js:131:19)
    at validateRepositoryAccess (file:///C:/Users/Shubh/Desktop/OMS/backend/src/security/repositoryContract.js:222:5)
    at process.processTicksAndRejections (node:internal/process/task_queues:104:5)
    at async Object.updateMany (file:///C:/Users/Shubh/Desktop/OMS/backend/src/modules/chat/message.repository.js:135:5)
    at async file:///C:/Users/Shubh/Desktop/OMS/backend/src/modules/chat/chat.service.js:659:5
    at async file:///C:/Users/Shubh/Desktop/OMS/backend/src/modules/chat/chat.controller.js:194:18
Body: {}

[2026-07-15T09:10:55.324Z] PATCH /api/v1/chat/conversations/GATECO-CONV-024/read
Error: Access denied: You are not authorized to update or delete another employee's record.
Stack: Error: Access denied: You are not authorized to update or delete another employee's record.
    at validateOwnership (file:///C:/Users/Shubh/Desktop/OMS/backend/src/security/repositoryContract.js:131:19)
    at validateRepositoryAccess (file:///C:/Users/Shubh/Desktop/OMS/backend/src/security/repositoryContract.js:222:5)
    at process.processTicksAndRejections (node:internal/process/task_queues:104:5)
    at async Object.updateMany (file:///C:/Users/Shubh/Desktop/OMS/backend/src/modules/chat/message.repository.js:135:5)
    at async file:///C:/Users/Shubh/Desktop/OMS/backend/src/modules/chat/chat.service.js:659:5
    at async file:///C:/Users/Shubh/Desktop/OMS/backend/src/modules/chat/chat.controller.js:194:18
Body: {}

[2026-07-16T06:02:52.299Z] PATCH /api/v1/chat/conversations/GATECO-CONV-024/read
Error: Access denied: You are not authorized to update or delete another employee's record.
Stack: Error: Access denied: You are not authorized to update or delete another employee's record.
    at validateOwnership (file:///C:/Users/Shubh/Desktop/OMS/backend/src/security/repositoryContract.js:131:19)
    at validateRepositoryAccess (file:///C:/Users/Shubh/Desktop/OMS/backend/src/security/repositoryContract.js:222:5)
    at process.processTicksAndRejections (node:internal/process/task_queues:104:5)
    at async Object.updateMany (file:///C:/Users/Shubh/Desktop/OMS/backend/src/modules/chat/message.repository.js:135:5)
    at async file:///C:/Users/Shubh/Desktop/OMS/backend/src/modules/chat/chat.service.js:659:5
    at async file:///C:/Users/Shubh/Desktop/OMS/backend/src/modules/chat/chat.controller.js:194:18
Body: {}

[2026-07-16T06:02:52.591Z] PATCH /api/v1/chat/conversations/GATECO-CONV-024/read
Error: Access denied: You are not authorized to update or delete another employee's record.
Stack: Error: Access denied: You are not authorized to update or delete another employee's record.
    at validateOwnership (file:///C:/Users/Shubh/Desktop/OMS/backend/src/security/repositoryContract.js:131:19)
    at validateRepositoryAccess (file:///C:/Users/Shubh/Desktop/OMS/backend/src/security/repositoryContract.js:222:5)
    at process.processTicksAndRejections (node:internal/process/task_queues:104:5)
    at async Object.updateMany (file:///C:/Users/Shubh/Desktop/OMS/backend/src/modules/chat/message.repository.js:135:5)
    at async file:///C:/Users/Shubh/Desktop/OMS/backend/src/modules/chat/chat.service.js:659:5
    at async file:///C:/Users/Shubh/Desktop/OMS/backend/src/modules/chat/chat.controller.js:194:18
Body: {}

[2026-07-16T06:07:27.536Z] PATCH /api/v1/chat/conversations/GATECO-CONV-024/read
Error: Access denied: You are not authorized to update or delete another employee's record.
Stack: Error: Access denied: You are not authorized to update or delete another employee's record.
    at validateOwnership (file:///C:/Users/Shubh/Desktop/OMS/backend/src/security/repositoryContract.js:131:19)
    at validateRepositoryAccess (file:///C:/Users/Shubh/Desktop/OMS/backend/src/security/repositoryContract.js:222:5)
    at process.processTicksAndRejections (node:internal/process/task_queues:104:5)
    at async Object.updateMany (file:///C:/Users/Shubh/Desktop/OMS/backend/src/modules/chat/message.repository.js:135:5)
    at async file:///C:/Users/Shubh/Desktop/OMS/backend/src/modules/chat/chat.service.js:659:5
    at async file:///C:/Users/Shubh/Desktop/OMS/backend/src/modules/chat/chat.controller.js:194:18
Body: {}

[2026-07-16T06:08:03.207Z] PATCH /api/v1/chat/conversations/GATECO-CONV-024/read
Error: Access denied: You are not authorized to update or delete another employee's record.
Stack: Error: Access denied: You are not authorized to update or delete another employee's record.
    at validateOwnership (file:///C:/Users/Shubh/Desktop/OMS/backend/src/security/repositoryContract.js:131:19)
    at validateRepositoryAccess (file:///C:/Users/Shubh/Desktop/OMS/backend/src/security/repositoryContract.js:222:5)
    at process.processTicksAndRejections (node:internal/process/task_queues:104:5)
    at async Object.updateMany (file:///C:/Users/Shubh/Desktop/OMS/backend/src/modules/chat/message.repository.js:135:5)
    at async file:///C:/Users/Shubh/Desktop/OMS/backend/src/modules/chat/chat.service.js:659:5
    at async file:///C:/Users/Shubh/Desktop/OMS/backend/src/modules/chat/chat.controller.js:194:18
Body: {}

[2026-07-16T06:08:30.533Z] PATCH /api/v1/chat/conversations/GATECO-CONV-024/read
Error: Access denied: You are not authorized to update or delete another employee's record.
Stack: Error: Access denied: You are not authorized to update or delete another employee's record.
    at validateOwnership (file:///C:/Users/Shubh/Desktop/OMS/backend/src/security/repositoryContract.js:131:19)
    at validateRepositoryAccess (file:///C:/Users/Shubh/Desktop/OMS/backend/src/security/repositoryContract.js:222:5)
    at process.processTicksAndRejections (node:internal/process/task_queues:104:5)
    at async Object.updateMany (file:///C:/Users/Shubh/Desktop/OMS/backend/src/modules/chat/message.repository.js:135:5)
    at async file:///C:/Users/Shubh/Desktop/OMS/backend/src/modules/chat/chat.service.js:659:5
    at async file:///C:/Users/Shubh/Desktop/OMS/backend/src/modules/chat/chat.controller.js:194:18
Body: {}

[2026-07-16T06:11:03.042Z] PATCH /api/v1/chat/conversations/GATECO-CONV-019/read
Error: Access denied: You are not authorized to update or delete another employee's record.
Stack: Error: Access denied: You are not authorized to update or delete another employee's record.
    at validateOwnership (file:///C:/Users/Shubh/Desktop/OMS/backend/src/security/repositoryContract.js:131:19)
    at validateRepositoryAccess (file:///C:/Users/Shubh/Desktop/OMS/backend/src/security/repositoryContract.js:222:5)
    at process.processTicksAndRejections (node:internal/process/task_queues:104:5)
    at async Object.updateMany (file:///C:/Users/Shubh/Desktop/OMS/backend/src/modules/chat/message.repository.js:135:5)
    at async file:///C:/Users/Shubh/Desktop/OMS/backend/src/modules/chat/chat.service.js:659:5
    at async file:///C:/Users/Shubh/Desktop/OMS/backend/src/modules/chat/chat.controller.js:194:18
Body: {}

[2026-07-16T06:56:28.101Z] PATCH /api/v1/chat/conversations/GATECO-CONV-019/read
Error: Access denied: You are not authorized to update or delete another employee's record.
Stack: Error: Access denied: You are not authorized to update or delete another employee's record.
    at validateOwnership (file:///C:/Users/Shubh/Desktop/OMS/backend/src/security/repositoryContract.js:131:19)
    at validateRepositoryAccess (file:///C:/Users/Shubh/Desktop/OMS/backend/src/security/repositoryContract.js:222:5)
    at process.processTicksAndRejections (node:internal/process/task_queues:104:5)
    at async Object.updateMany (file:///C:/Users/Shubh/Desktop/OMS/backend/src/modules/chat/message.repository.js:135:5)
    at async file:///C:/Users/Shubh/Desktop/OMS/backend/src/modules/chat/chat.service.js:659:5
    at async file:///C:/Users/Shubh/Desktop/OMS/backend/src/modules/chat/chat.controller.js:194:18
Body: {}

[2026-07-16T07:08:43.365Z] PATCH /api/v1/chat/conversations/GATECO-CONV-019/read
Error: Access denied: You are not authorized to update or delete another employee's record.
Stack: Error: Access denied: You are not authorized to update or delete another employee's record.
    at validateOwnership (file:///C:/Users/Shubh/Desktop/OMS/backend/src/security/repositoryContract.js:131:19)
    at validateRepositoryAccess (file:///C:/Users/Shubh/Desktop/OMS/backend/src/security/repositoryContract.js:222:5)
    at process.processTicksAndRejections (node:internal/process/task_queues:104:5)
    at async Object.updateMany (file:///C:/Users/Shubh/Desktop/OMS/backend/src/modules/chat/message.repository.js:135:5)
    at async file:///C:/Users/Shubh/Desktop/OMS/backend/src/modules/chat/chat.service.js:659:5
    at async file:///C:/Users/Shubh/Desktop/OMS/backend/src/modules/chat/chat.controller.js:194:18
Body: {}

[2026-07-16T07:10:22.145Z] PATCH /api/v1/chat/conversations/GATECO-CONV-019/read
Error: Access denied: You are not authorized to update or delete another employee's record.
Stack: Error: Access denied: You are not authorized to update or delete another employee's record.
    at validateOwnership (file:///C:/Users/Shubh/Desktop/OMS/backend/src/security/repositoryContract.js:131:19)
    at validateRepositoryAccess (file:///C:/Users/Shubh/Desktop/OMS/backend/src/security/repositoryContract.js:222:5)
    at process.processTicksAndRejections (node:internal/process/task_queues:104:5)
    at async Object.updateMany (file:///C:/Users/Shubh/Desktop/OMS/backend/src/modules/chat/message.repository.js:135:5)
    at async file:///C:/Users/Shubh/Desktop/OMS/backend/src/modules/chat/chat.service.js:659:5
    at async file:///C:/Users/Shubh/Desktop/OMS/backend/src/modules/chat/chat.controller.js:194:18
Body: {}

[2026-07-16T07:10:31.608Z] PATCH /api/v1/chat/conversations/GATECO-CONV-024/read
Error: Access denied: You are not authorized to update or delete another employee's record.
Stack: Error: Access denied: You are not authorized to update or delete another employee's record.
    at validateOwnership (file:///C:/Users/Shubh/Desktop/OMS/backend/src/security/repositoryContract.js:131:19)
    at validateRepositoryAccess (file:///C:/Users/Shubh/Desktop/OMS/backend/src/security/repositoryContract.js:222:5)
    at process.processTicksAndRejections (node:internal/process/task_queues:104:5)
    at async Object.updateMany (file:///C:/Users/Shubh/Desktop/OMS/backend/src/modules/chat/message.repository.js:135:5)
    at async file:///C:/Users/Shubh/Desktop/OMS/backend/src/modules/chat/chat.service.js:659:5
    at async file:///C:/Users/Shubh/Desktop/OMS/backend/src/modules/chat/chat.controller.js:194:18
Body: {}

[2026-07-16T07:10:31.994Z] PATCH /api/v1/chat/conversations/GATECO-CONV-024/read
Error: Access denied: You are not authorized to update or delete another employee's record.
Stack: Error: Access denied: You are not authorized to update or delete another employee's record.
    at validateOwnership (file:///C:/Users/Shubh/Desktop/OMS/backend/src/security/repositoryContract.js:131:19)
    at validateRepositoryAccess (file:///C:/Users/Shubh/Desktop/OMS/backend/src/security/repositoryContract.js:222:5)
    at process.processTicksAndRejections (node:internal/process/task_queues:104:5)
    at async Object.updateMany (file:///C:/Users/Shubh/Desktop/OMS/backend/src/modules/chat/message.repository.js:135:5)
    at async file:///C:/Users/Shubh/Desktop/OMS/backend/src/modules/chat/chat.service.js:659:5
    at async file:///C:/Users/Shubh/Desktop/OMS/backend/src/modules/chat/chat.controller.js:194:18
Body: {}

[2026-07-16T07:12:42.027Z] POST /api/v1/auth/login
Error: Invalid email or password
Stack: Error: Invalid email or password
    at Object.login (file:///C:/Users/Shubh/Desktop/OMS/backend/src/modules/auth/auth.service.js:151:17)
    at process.processTicksAndRejections (node:internal/process/task_queues:104:5)
    at async file:///C:/Users/Shubh/Desktop/OMS/backend/src/modules/auth/auth.controller.js:26:16
Body: {"email":"gatecode@gmail.com","password":"password"}

[2026-07-16T08:27:49.877Z] GET /api/v1/chat/messages/6a589605f9eced29c2ec8502
Error: Message.findOne(...).lean is not a function
Stack: TypeError: Message.findOne(...).lean is not a function
    at file:///C:/Users/Shubh/Desktop/OMS/backend/src/modules/chat/chat.service.js:497:8
    at AsyncLocalStorage.run (node:internal/async_local_storage/async_context_frame:63:14)
    at runWithTenant (file:///C:/Users/Shubh/Desktop/OMS/backend/src/utils/tenantContext.js:41:24)
    at process.processTicksAndRejections (node:internal/process/task_queues:104:5)
Body: {}

[2026-07-16T08:32:57.839Z] PATCH /api/v1/chat/conversations/GATECO-CONV-031/read
Error: Access denied: You are not authorized to update or delete another employee's record.
Stack: Error: Access denied: You are not authorized to update or delete another employee's record.
    at validateOwnership (file:///C:/Users/Shubh/Desktop/OMS/backend/src/security/repositoryContract.js:131:19)
    at validateRepositoryAccess (file:///C:/Users/Shubh/Desktop/OMS/backend/src/security/repositoryContract.js:222:5)
    at process.processTicksAndRejections (node:internal/process/task_queues:104:5)
    at async Object.updateMany (file:///C:/Users/Shubh/Desktop/OMS/backend/src/modules/chat/message.repository.js:135:5)
    at async file:///C:/Users/Shubh/Desktop/OMS/backend/src/modules/chat/chat.service.js:659:5
    at async file:///C:/Users/Shubh/Desktop/OMS/backend/src/modules/chat/chat.controller.js:194:18
Body: {}

[2026-07-16T08:32:58.689Z] PATCH /api/v1/chat/conversations/GATECO-CONV-031/read
Error: Access denied: You are not authorized to update or delete another employee's record.
Stack: Error: Access denied: You are not authorized to update or delete another employee's record.
    at validateOwnership (file:///C:/Users/Shubh/Desktop/OMS/backend/src/security/repositoryContract.js:131:19)
    at validateRepositoryAccess (file:///C:/Users/Shubh/Desktop/OMS/backend/src/security/repositoryContract.js:222:5)
    at process.processTicksAndRejections (node:internal/process/task_queues:104:5)
    at async Object.updateMany (file:///C:/Users/Shubh/Desktop/OMS/backend/src/modules/chat/message.repository.js:135:5)
    at async file:///C:/Users/Shubh/Desktop/OMS/backend/src/modules/chat/chat.service.js:659:5
    at async file:///C:/Users/Shubh/Desktop/OMS/backend/src/modules/chat/chat.controller.js:194:18
Body: {}

[2026-07-16T08:35:09.118Z] PATCH /api/v1/chat/conversations/GATECO-CONV-031/read
Error: Access denied: You are not authorized to update or delete another employee's record.
Stack: Error: Access denied: You are not authorized to update or delete another employee's record.
    at validateOwnership (file:///C:/Users/Shubh/Desktop/OMS/backend/src/security/repositoryContract.js:131:19)
    at validateRepositoryAccess (file:///C:/Users/Shubh/Desktop/OMS/backend/src/security/repositoryContract.js:222:5)
    at process.processTicksAndRejections (node:internal/process/task_queues:104:5)
    at async Object.updateMany (file:///C:/Users/Shubh/Desktop/OMS/backend/src/modules/chat/message.repository.js:135:5)
    at async file:///C:/Users/Shubh/Desktop/OMS/backend/src/modules/chat/chat.service.js:659:5
    at async file:///C:/Users/Shubh/Desktop/OMS/backend/src/modules/chat/chat.controller.js:194:18
Body: {}

[2026-07-16T08:35:09.391Z] PATCH /api/v1/chat/conversations/GATECO-CONV-031/read
Error: Access denied: You are not authorized to update or delete another employee's record.
Stack: Error: Access denied: You are not authorized to update or delete another employee's record.
    at validateOwnership (file:///C:/Users/Shubh/Desktop/OMS/backend/src/security/repositoryContract.js:131:19)
    at validateRepositoryAccess (file:///C:/Users/Shubh/Desktop/OMS/backend/src/security/repositoryContract.js:222:5)
    at process.processTicksAndRejections (node:internal/process/task_queues:104:5)
    at async Object.updateMany (file:///C:/Users/Shubh/Desktop/OMS/backend/src/modules/chat/message.repository.js:135:5)
    at async file:///C:/Users/Shubh/Desktop/OMS/backend/src/modules/chat/chat.service.js:659:5
    at async file:///C:/Users/Shubh/Desktop/OMS/backend/src/modules/chat/chat.controller.js:194:18
Body: {}

[2026-07-16T11:48:43.152Z] POST /api/v1/auth/login
Error: Your account has been temporarily locked by an administrator. Please try again in 10 minute(s).
Stack: Error: Your account has been temporarily locked by an administrator. Please try again in 10 minute(s).
    at Object.login (file:///C:/Users/Shubh/Desktop/OMS/backend/src/modules/auth/auth.service.js:190:19)
    at process.processTicksAndRejections (node:internal/process/task_queues:104:5)
    at async file:///C:/Users/Shubh/Desktop/OMS/backend/src/modules/auth/auth.controller.js:30:16
Body: {"email":"geeta@gmail.com","password":"password"}

[2026-07-17T05:17:18.566Z] GET /api/events/upcoming?limit=10
Error: getaddrinfo ENOTFOUND ac-4yhspek-shard-00-01.1meot8l.mongodb.net
Stack: MongoServerSelectionError: getaddrinfo ENOTFOUND ac-4yhspek-shard-00-01.1meot8l.mongodb.net
    at Topology.selectServer (C:\Users\Shubh\Desktop\OMS\backend\node_modules\mongodb\lib\sdam\topology.js:327:38)
    at runNextTicks (node:internal/process/task_queues:65:5)
    at listOnTimeout (node:internal/timers:567:9)
    at process.processTimers (node:internal/timers:541:7)
    at async tryOperation (C:\Users\Shubh\Desktop\OMS\backend\node_modules\mongodb\lib\operations\execute_operation.js:148:18)
    at async executeOperation (C:\Users\Shubh\Desktop\OMS\backend\node_modules\mongodb\lib\operations\execute_operation.js:78:16)
    at async FindCursor._initialize (C:\Users\Shubh\Desktop\OMS\backend\node_modules\mongodb\lib\cursor\find_cursor.js:62:26)
    at async FindCursor.cursorInit (C:\Users\Shubh\Desktop\OMS\backend\node_modules\mongodb\lib\cursor\abstract_cursor.js:632:27)
    at async FindCursor.fetchBatch (C:\Users\Shubh\Desktop\OMS\backend\node_modules\mongodb\lib\cursor\abstract_cursor.js:666:13)
    at async FindCursor.next (C:\Users\Shubh\Desktop\OMS\backend\node_modules\mongodb\lib\cursor\abstract_cursor.js:342:17)
Body: {}

[2026-07-17T05:17:18.617Z] GET /api/v1/chat/users/blocked
Error: getaddrinfo ENOTFOUND ac-4yhspek-shard-00-01.1meot8l.mongodb.net
Stack: MongoServerSelectionError: getaddrinfo ENOTFOUND ac-4yhspek-shard-00-01.1meot8l.mongodb.net
    at Topology.selectServer (C:\Users\Shubh\Desktop\OMS\backend\node_modules\mongodb\lib\sdam\topology.js:327:38)
    at runNextTicks (node:internal/process/task_queues:65:5)
    at listOnTimeout (node:internal/timers:567:9)
    at process.processTimers (node:internal/timers:541:7)
    at async tryOperation (C:\Users\Shubh\Desktop\OMS\backend\node_modules\mongodb\lib\operations\execute_operation.js:148:18)
    at async executeOperation (C:\Users\Shubh\Desktop\OMS\backend\node_modules\mongodb\lib\operations\execute_operation.js:78:16)
    at async FindCursor._initialize (C:\Users\Shubh\Desktop\OMS\backend\node_modules\mongodb\lib\cursor\find_cursor.js:62:26)
    at async FindCursor.cursorInit (C:\Users\Shubh\Desktop\OMS\backend\node_modules\mongodb\lib\cursor\abstract_cursor.js:632:27)
    at async FindCursor.fetchBatch (C:\Users\Shubh\Desktop\OMS\backend\node_modules\mongodb\lib\cursor\abstract_cursor.js:666:13)
    at async FindCursor.next (C:\Users\Shubh\Desktop\OMS\backend\node_modules\mongodb\lib\cursor\abstract_cursor.js:342:17)
Body: {}

[2026-07-17T05:17:18.652Z] GET /api/v1/chat/conversations
Error: getaddrinfo ENOTFOUND ac-4yhspek-shard-00-01.1meot8l.mongodb.net
Stack: MongoServerSelectionError: getaddrinfo ENOTFOUND ac-4yhspek-shard-00-01.1meot8l.mongodb.net
    at Topology.selectServer (C:\Users\Shubh\Desktop\OMS\backend\node_modules\mongodb\lib\sdam\topology.js:327:38)
    at runNextTicks (node:internal/process/task_queues:65:5)
    at listOnTimeout (node:internal/timers:567:9)
    at process.processTimers (node:internal/timers:541:7)
    at async tryOperation (C:\Users\Shubh\Desktop\OMS\backend\node_modules\mongodb\lib\operations\execute_operation.js:148:18)
    at async executeOperation (C:\Users\Shubh\Desktop\OMS\backend\node_modules\mongodb\lib\operations\execute_operation.js:78:16)
    at async FindCursor._initialize (C:\Users\Shubh\Desktop\OMS\backend\node_modules\mongodb\lib\cursor\find_cursor.js:62:26)
    at async FindCursor.cursorInit (C:\Users\Shubh\Desktop\OMS\backend\node_modules\mongodb\lib\cursor\abstract_cursor.js:632:27)
    at async FindCursor.fetchBatch (C:\Users\Shubh\Desktop\OMS\backend\node_modules\mongodb\lib\cursor\abstract_cursor.js:666:13)
    at async FindCursor.next (C:\Users\Shubh\Desktop\OMS\backend\node_modules\mongodb\lib\cursor\abstract_cursor.js:342:17)
Body: {}

[2026-07-17T05:17:18.667Z] GET /api/v1/chat/threads/activity
Error: getaddrinfo ENOTFOUND ac-4yhspek-shard-00-01.1meot8l.mongodb.net
Stack: MongoServerSelectionError: getaddrinfo ENOTFOUND ac-4yhspek-shard-00-01.1meot8l.mongodb.net
    at Topology.selectServer (C:\Users\Shubh\Desktop\OMS\backend\node_modules\mongodb\lib\sdam\topology.js:327:38)
    at async tryOperation (C:\Users\Shubh\Desktop\OMS\backend\node_modules\mongodb\lib\operations\execute_operation.js:148:18)
    at async executeOperation (C:\Users\Shubh\Desktop\OMS\backend\node_modules\mongodb\lib\operations\execute_operation.js:78:16)
    at async FindCursor._initialize (C:\Users\Shubh\Desktop\OMS\backend\node_modules\mongodb\lib\cursor\find_cursor.js:62:26)
    at async FindCursor.cursorInit (C:\Users\Shubh\Desktop\OMS\backend\node_modules\mongodb\lib\cursor\abstract_cursor.js:632:27)
    at async FindCursor.fetchBatch (C:\Users\Shubh\Desktop\OMS\backend\node_modules\mongodb\lib\cursor\abstract_cursor.js:666:13)
    at async FindCursor.next (C:\Users\Shubh\Desktop\OMS\backend\node_modules\mongodb\lib\cursor\abstract_cursor.js:342:17)
    at async [Symbol.asyncIterator] (C:\Users\Shubh\Desktop\OMS\backend\node_modules\mongodb\lib\cursor\abstract_cursor.js:250:34)
    at async FindCursor.toArray (C:\Users\Shubh\Desktop\OMS\backend\node_modules\mongodb\lib\cursor\abstract_cursor.js:422:26)
    at async model.Query._find (C:\Users\Shubh\Desktop\OMS\backend\node_modules\mongoose\lib\query.js:2430:14)
Body: {}

[2026-07-17T05:17:18.679Z] GET /api/v1/employees
Error: getaddrinfo ENOTFOUND ac-4yhspek-shard-00-01.1meot8l.mongodb.net
Stack: MongoServerSelectionError: getaddrinfo ENOTFOUND ac-4yhspek-shard-00-01.1meot8l.mongodb.net
    at Topology.selectServer (C:\Users\Shubh\Desktop\OMS\backend\node_modules\mongodb\lib\sdam\topology.js:327:38)
    at runNextTicks (node:internal/process/task_queues:65:5)
    at listOnTimeout (node:internal/timers:567:9)
    at process.processTimers (node:internal/timers:541:7)
    at async tryOperation (C:\Users\Shubh\Desktop\OMS\backend\node_modules\mongodb\lib\operations\execute_operation.js:148:18)
    at async executeOperation (C:\Users\Shubh\Desktop\OMS\backend\node_modules\mongodb\lib\operations\execute_operation.js:78:16)
    at async FindCursor._initialize (C:\Users\Shubh\Desktop\OMS\backend\node_modules\mongodb\lib\cursor\find_cursor.js:62:26)
    at async FindCursor.cursorInit (C:\Users\Shubh\Desktop\OMS\backend\node_modules\mongodb\lib\cursor\abstract_cursor.js:632:27)
    at async FindCursor.fetchBatch (C:\Users\Shubh\Desktop\OMS\backend\node_modules\mongodb\lib\cursor\abstract_cursor.js:666:13)
    at async FindCursor.next (C:\Users\Shubh\Desktop\OMS\backend\node_modules\mongodb\lib\cursor\abstract_cursor.js:342:17)
Body: {}

[2026-07-17T05:17:18.707Z] GET /api/v1/roles
Error: getaddrinfo ENOTFOUND ac-4yhspek-shard-00-01.1meot8l.mongodb.net
Stack: MongoServerSelectionError: getaddrinfo ENOTFOUND ac-4yhspek-shard-00-01.1meot8l.mongodb.net
    at Topology.selectServer (C:\Users\Shubh\Desktop\OMS\backend\node_modules\mongodb\lib\sdam\topology.js:327:38)
    at async tryOperation (C:\Users\Shubh\Desktop\OMS\backend\node_modules\mongodb\lib\operations\execute_operation.js:148:18)
    at async executeOperation (C:\Users\Shubh\Desktop\OMS\backend\node_modules\mongodb\lib\operations\execute_operation.js:78:16)
    at async FindCursor._initialize (C:\Users\Shubh\Desktop\OMS\backend\node_modules\mongodb\lib\cursor\find_cursor.js:62:26)
    at async FindCursor.cursorInit (C:\Users\Shubh\Desktop\OMS\backend\node_modules\mongodb\lib\cursor\abstract_cursor.js:632:27)
    at async FindCursor.fetchBatch (C:\Users\Shubh\Desktop\OMS\backend\node_modules\mongodb\lib\cursor\abstract_cursor.js:666:13)
    at async FindCursor.next (C:\Users\Shubh\Desktop\OMS\backend\node_modules\mongodb\lib\cursor\abstract_cursor.js:342:17)
    at async [Symbol.asyncIterator] (C:\Users\Shubh\Desktop\OMS\backend\node_modules\mongodb\lib\cursor\abstract_cursor.js:250:34)
    at async FindCursor.toArray (C:\Users\Shubh\Desktop\OMS\backend\node_modules\mongodb\lib\cursor\abstract_cursor.js:422:26)
    at async model.Query._find (C:\Users\Shubh\Desktop\OMS\backend\node_modules\mongoose\lib\query.js:2430:14)
Body: {}

[2026-07-17T05:47:06.530Z] PUT /api/v1/projects/PRJ-004
Error: No matching document found for id "6a4b4542f616bdb10cad252c" version 58 modifiedPaths "tasks"
Stack: VersionError: No matching document found for id "6a4b4542f616bdb10cad252c" version 58 modifiedPaths "tasks"
    at generateVersionError (C:\Users\Shubh\Desktop\OMS\backend\node_modules\mongoose\lib\model.js:566:10)
    at model.save (C:\Users\Shubh\Desktop\OMS\backend\node_modules\mongoose\lib\model.js:624:28)
    at Object.update (file:///C:/Users/Shubh/Desktop/OMS/backend/src/modules/projects/projects.repository.js:236:37)
    at process.processTicksAndRejections (node:internal/process/task_queues:104:5)
    at async Object.updateRecord (file:///C:/Users/Shubh/Desktop/OMS/backend/src/modules/projects/projects.service.js:95:18)
    at async file:///C:/Users/Shubh/Desktop/OMS/backend/src/modules/projects/projects.controller.js:26:16
Body: {"tasks":[{"id":"t-PRJ-004-1-3F3P","title":"Redesign the About and Contact us section","completed":true,"dueDate":"2026-07-09","priority":"Medium","overdue":false,"status":"Completed","assignedTo":[],"assigneeId":"GATECO-EMP-011","assigneeName":"Garv","assignedById":"GATECO-EMP-003","assignedByName":"Geeta Bisht","description":"","estimatedHours":20,"progress":100,"remarks":"","comments":[],"attachments":[],"approvals":[{"level":1,"role":"Team Leader Approval","approver":"Geeta Bisht","status":"Pending","timestamp":"","remarks":"","_id":"6a4f58c987667a4d4546fbad"},{"level":2,"role":"Project Manager Approval","approver":"Harsh Chaudhary","status":"Pending","timestamp":"","remarks":"","_id":"6a4f58c987667a4d4546fbae"}],"activityLog":[{"id":"act-l6d93pb","action":"assigned","details":"Task assigned by Geeta Bisht","timestamp":"2026-07-09T08:16:05.014Z","userName":"Geeta Bisht","_id":"6a4f58c987667a4d4546fbaf"},{"id":"act-1owv1ir","action":"accepted","details":"Task accepted by Garv","timestamp":"2026-07-09T11:00:57.630Z","userName":"Garv","_id":"6a4f7f690aa0c923f2227b77"},{"id":"act-kcwiqpg","action":"started","details":"Work started by Garv","timestamp":"2026-07-09T11:01:10.141Z","userName":"Garv","_id":"6a4f7f760aa0c923f2227bbd"},{"id":"act-dnfavbf","action":"sent_to_review","details":"Sent to review by Garv","timestamp":"2026-07-09T11:01:16.738Z","userName":"Garv","_id":"6a4f7f7c0aa0c923f2227beb"},{"id":"act-6pnztbr","action":"approved","details":"Task approved and completed by Geeta Bisht","timestamp":"2026-07-09T11:01:35.696Z","userName":"Geeta Bisht","_id":"6a4f7f930aa0c923f2227c58"}],"_id":"6a4f58c987667a4d4546fbac"},{"id":"t-PRJ-004-2-7CT6","title":"Testing , Bug Fixing and Feature Enhancement","completed":true,"dueDate":"2026-07-09","priority":"Medium","overdue":false,"status":"Completed","assignedTo":[],"assigneeId":"GATECO-EMP-009","assigneeName":"Vibhu Sharma","assignedById":"GATECO-EMP-003","assignedByName":"Geeta Bisht","description":"","estimatedHours":20,"progress":100,"remarks":"","comments":[],"attachments":[],"approvals":[{"level":1,"role":"Team Leader Approval","approver":"Geeta Bisht","status":"Pending","timestamp":"","remarks":"","_id":"6a4f593a87667a4d4546fcb8"},{"level":2,"role":"Project Manager Approval","approver":"Harsh Chaudhary","status":"Pending","timestamp":"","remarks":"","_id":"6a4f593a87667a4d4546fcb9"}],"activityLog":[{"id":"act-9eo4psu","action":"assigned","details":"Task assigned by Geeta Bisht","timestamp":"2026-07-09T08:17:58.407Z","userName":"Geeta Bisht","_id":"6a4f593a87667a4d4546fcba"},{"id":"act-pp2e8jw","action":"accepted","details":"Task accepted by Vibhu Sharma","timestamp":"2026-07-09T11:11:55.764Z","userName":"Vibhu Sharma","_id":"6a4f81ff0aa0c923f222892e"},{"id":"act-5wmf31h","action":"started","details":"Work started by Vibhu Sharma","timestamp":"2026-07-09T11:12:10.685Z","userName":"Vibhu Sharma","_id":"6a4f820d0aa0c923f222897e"},{"id":"act-se1vc50","action":"sent_to_review","details":"Sent to review by Vibhu Sharma","timestamp":"2026-07-09T11:12:17.013Z","userName":"Vibhu Sharma","_id":"6a4f82130aa0c923f22289b4"},{"id":"act-2hve9fz","action":"approved","details":"Task approved and completed by Geeta Bisht","timestamp":"2026-07-09T11:13:30.946Z","userName":"Geeta Bisht","_id":"6a4f825e0aa0c923f222919c"}],"_id":"6a4f593a87667a4d4546fcb7"},{"id":"t-PRJ-004-3-GW4O","title":"Image Uploaded","completed":false,"dueDate":"2026-07-10","priority":"High","overdue":false,"status":"In Review","assignedTo":[],"assigneeId":"GATECO-EMP-009","assigneeName":"Vibhu Sharma","assignedById":"GATECO-EMP-003","assignedByName":"Geeta Bisht","description":"","estimatedHours":20,"progress":80,"remarks":"","comments":[],"attachments":[],"approvals":[{"level":1,"role":"Team Leader Approval","approver":"Geeta Bisht","status":"Pending","timestamp":"","remarks":"","_id":"6a507a6b3cda4091cc734bb3"},{"level":2,"role":"Project Manager Approval","approver":"Harsh Chaudhary","status":"Pending","timestamp":"","remarks":"","_id":"6a507a6b3cda4091cc734bb4"}],"activityLog":[{"id":"act-pxnob6t","action":"assigned","details":"Task assigned by Geeta Bisht","timestamp":"2026-07-10T04:51:53.781Z","userName":"Geeta Bisht","_id":"6a507a6b3cda4091cc734bb5"},{"id":"act-f1wmhtk","action":"accepted","details":"Task accepted by Vibhu Sharma","timestamp":"2026-07-10T04:52:14.241Z","userName":"Vibhu Sharma","_id":"6a507a843cda4091cc734c6a"},{"id":"act-31mh67v","action":"started","details":"Work started by Vibhu Sharma","timestamp":"2026-07-10T04:52:28.433Z","userName":"Vibhu Sharma","_id":"6a507a903cda4091cc734ce3"},{"id":"act-3hbkazs","action":"sent_to_review","details":"Sent to review by Vibhu Sharma","timestamp":"2026-07-10T04:59:45.409Z","userName":"Vibhu Sharma","_id":"6a507c463cda4091cc736321"}],"_id":"6a507a6b3cda4091cc734bb2"},{"id":"t-PRJ-004-4-GUZL","title":"Image upload","completed":false,"dueDate":"2026-07-11","priority":"Medium","overdue":false,"status":"In Progress","assignedTo":[],"assigneeId":"GATECO-EMP-009","assigneeName":"Vibhu Sharma","assignedById":"GATECO-EMP-003","assignedByName":"Geeta Bisht","description":"","estimatedHours":20,"progress":10,"remarks":"","comments":[],"attachments":[],"approvals":[{"level":1,"role":"Team Leader Approval","approver":"Geeta Bisht","status":"Pending","timestamp":"","remarks":"","_id":"6a51ca7badf1e4c93682cff8"},{"level":2,"role":"Project Manager Approval","approver":"Harsh Chaudhary","status":"Pending","timestamp":"","remarks":"","_id":"6a51ca7badf1e4c93682cff9"}],"activityLog":[{"id":"act-2pbjd0f","action":"assigned","details":"Task assigned by Geeta Bisht","timestamp":"2026-07-11T04:45:45.857Z","userName":"Geeta Bisht","_id":"6a51ca7badf1e4c93682cffa"},{"id":"act-0s4r4m3","action":"accepted","details":"Task accepted by Vibhu Sharma","timestamp":"2026-07-11T04:49:42.510Z","userName":"Vibhu Sharma","_id":"6a51cb69adf1e4c93682d965"},{"id":"act-sfq7tnz","action":"started","details":"Work started by Vibhu Sharma","timestamp":"2026-07-11T04:49:54.061Z","userName":"Vibhu Sharma","_id":"6a51cb75adf1e4c93682d9db"}],"_id":"6a51ca7badf1e4c93682cff7"},{"id":"t-PRJ-004-5-Q9T0","title":"design logo, letter head or visiting card for Marmomax, design images for RHST or Gatecode","completed":false,"dueDate":"2026-07-11","priority":"High","overdue":false,"status":"Pending Acceptance","assignedTo":[],"assigneeId":"GATECO-EMP-010","assigneeName":"Parth Parashar","assignedById":"GATECO-EMP-003","assignedByName":"Geeta Bisht","description":"","estimatedHours":20,"progress":0,"remarks":"","comments":[],"attachments":[],"approvals":[{"level":1,"role":"Team Leader Approval","approver":"Geeta Bisht","status":"Pending","timestamp":"","remarks":"","_id":"6a51cadaadf1e4c93682d1aa"},{"level":2,"role":"Project Manager Approval","approver":"Harsh Chaudhary","status":"Pending","timestamp":"","remarks":"","_id":"6a51cadaadf1e4c93682d1ab"}],"activityLog":[{"id":"act-5i4nads","action":"assigned","details":"Task assigned by Geeta Bisht","timestamp":"2026-07-11T04:47:20.021Z","userName":"Geeta Bisht","_id":"6a51cadaadf1e4c93682d1ac"}],"_id":"6a51cadaadf1e4c93682d1a9"},{"id":"t-PRJ-004-6-ERB8","title":"Recreate RHST website in E-commerce Website","completed":true,"dueDate":"2026-07-13","priority":"High","overdue":false,"status":"Completed","assignedTo":[],"assigneeId":"GATECO-EMP-009","assigneeName":"Vibhu Sharma","assignedById":"GATECO-EMP-003","assignedByName":"Geeta Bisht","description":"","estimatedHours":20,"progress":100,"remarks":"","comments":[],"attachments":[],"approvals":[{"level":1,"role":"Team Leader Approval","approver":"Geeta Bisht","status":"Pending","timestamp":"","remarks":"","_id":"6a54722f0e31fee47909c1b5"},{"level":2,"role":"Project Manager Approval","approver":"Harsh Chaudhary","status":"Pending","timestamp":"","remarks":"","_id":"6a54722f0e31fee47909c1b6"}],"activityLog":[{"id":"act-klkwsfu","action":"assigned","details":"Task assigned by Geeta Bisht","timestamp":"2026-07-13T05:05:49.603Z","userName":"Geeta Bisht","_id":"6a54722f0e31fee47909c1b7"},{"id":"act-lpqiw76","action":"accepted","details":"Task accepted by Vibhu Sharma","timestamp":"2026-07-13T05:06:08.758Z","userName":"Vibhu Sharma","_id":"6a5472460e31fee47909c50e"},{"id":"act-h8x9gkh","action":"started","details":"Work started by Vibhu Sharma","timestamp":"2026-07-13T05:06:18.270Z","userName":"Vibhu Sharma","_id":"6a54724f0e31fee47909c597"},{"id":"act-5s7310l","action":"sent_to_review","details":"Task sent to review automatically via daily work report submission by Vibhu Sharma","timestamp":"2026-07-17T05:01:16.245Z","userName":"Vibhu Sharma","_id":"6a59b71c3d336e4621b16f2d"},{"id":"act-3vr2zzg","action":"approved","details":"Task approved and completed automatically via work report approval by Harsh Chaudhary","timestamp":"2026-07-17T05:32:22.804Z","userName":"Harsh Chaudhary","_id":"6a59be663d336e4621b1ff44"}],"_id":"6a54722f0e31fee47909c1b4"},{"id":"t-PRJ-004-7-Z30H","title":"chat Dasboard, Product Listing","completed":true,"dueDate":"2026-07-14","priority":"Medium","overdue":false,"status":"Completed","assignedTo":[],"assigneeId":"GATECO-EMP-005","assigneeName":"Balram Suman","assignedById":"GATECO-EMP-003","assignedByName":"Geeta Bisht","description":"","estimatedHours":20,"progress":100,"remarks":"","comments":[],"attachments":[],"approvals":[{"level":1,"role":"Team Leader Approval","approver":"Geeta Bisht","status":"Pending","timestamp":"","remarks":"","_id":"6a55c2a2d125fb496771c2c8"},{"level":2,"role":"Project Manager Approval","approver":"Harsh Chaudhary","status":"Pending","timestamp":"","remarks":"","_id":"6a55c2a2d125fb496771c2c9"}],"activityLog":[{"id":"act-ubscrvu","action":"assigned","details":"Task assigned by Geeta Bisht","timestamp":"2026-07-14T05:01:23.173Z","userName":"Geeta Bisht","_id":"6a55c2a2d125fb496771c2ca"},{"id":"act-1he2jxq","action":"accepted","details":"Task accepted by Balram Suman","timestamp":"2026-07-14T05:03:09.860Z","userName":"Balram Suman","_id":"6a55c30fd125fb496771d543"},{"id":"act-2l5q4uw","action":"started","details":"Work started by Balram Suman","timestamp":"2026-07-14T05:03:19.389Z","userName":"Balram Suman","_id":"6a55c318d125fb496771d75b"},{"id":"act-1z58nxy","action":"sent_to_review","details":"Task sent to review automatically via daily work report submission by Balram Suman","timestamp":"2026-07-15T04:44:28.128Z","userName":"Balram Suman","_id":"6a57102c791acf8d1b4ecc25"},{"id":"act-1mr7q3h","action":"approved","details":"Task approved and completed automatically via work report approval by Geeta Bisht","timestamp":"2026-07-15T06:03:39.371Z","userName":"Geeta Bisht","_id":"6a5722bb791acf8d1b4f2e60"}],"_id":"6a55c2a2d125fb496771c2c7"},{"id":"t-PRJ-004-8-N8Z2","title":"Product Listing","completed":true,"dueDate":"2026-07-14","priority":"Medium","overdue":false,"status":"Completed","assignedTo":[],"assigneeId":"GATECO-EMP-009","assigneeName":"Vibhu Sharma","assignedById":"GATECO-EMP-003","assignedByName":"Geeta Bisht","description":"","estimatedHours":20,"progress":100,"remarks":"","comments":[],"attachments":[],"approvals":[{"level":1,"role":"Team Leader Approval","approver":"Geeta Bisht","status":"Pending","timestamp":"","remarks":"","_id":"6a55c2bdd125fb496771c47b"},{"level":2,"role":"Project Manager Approval","approver":"Harsh Chaudhary","status":"Pending","timestamp":"","remarks":"","_id":"6a55c2bdd125fb496771c47c"}],"activityLog":[{"id":"act-mtfh4m8","action":"assigned","details":"Task assigned by Geeta Bisht","timestamp":"2026-07-14T05:01:50.574Z","userName":"Geeta Bisht","_id":"6a55c2bdd125fb496771c47d"},{"id":"act-zh4jzbf","action":"accepted","details":"Task accepted by Vibhu Sharma","timestamp":"2026-07-14T05:02:10.791Z","userName":"Vibhu Sharma","_id":"6a55c2d5d125fb496771c6b2"},{"id":"act-yti2mcd","action":"started","details":"Work started by Vibhu Sharma","timestamp":"2026-07-14T05:02:19.646Z","userName":"Vibhu Sharma","_id":"6a55c2ded125fb496771c9bf"},{"id":"act-00kdtv8","action":"sent_to_review","details":"Task sent to review automatically via daily work report submission by Vibhu Sharma","timestamp":"2026-07-17T05:01:30.852Z","userName":"Vibhu Sharma","_id":"6a59b72a3d336e4621b171e7"},{"id":"act-8wibbts","action":"approved","details":"Task approved and completed automatically via work report approval by Harsh Chaudhary","timestamp":"2026-07-17T05:32:29.263Z","userName":"Harsh Chaudhary","_id":"6a59be6d3d336e4621b1ffc0"}],"_id":"6a55c2bdd125fb496771c47a"},{"id":"t-PRJ-004-9-Y7XE","title":"Making banner or Poster","completed":true,"dueDate":"2026-07-14","priority":"Medium","overdue":false,"status":"Completed","assignedTo":[],"assigneeId":"GATECO-EMP-010","assigneeName":"Parth Parashar","assignedById":"GATECO-EMP-003","assignedByName":"Geeta Bisht","description":"","estimatedHours":20,"progress":100,"remarks":"","comments":[],"attachments":[],"approvals":[{"level":1,"role":"Team Leader Approval","approver":"Geeta Bisht","status":"Pending","timestamp":"","remarks":"","_id":"6a55c36bd125fb496771da26"},{"level":2,"role":"Project Manager Approval","approver":"Harsh Chaudhary","status":"Pending","timestamp":"","remarks":"","_id":"6a55c36bd125fb496771da27"}],"activityLog":[{"id":"act-oho4i8k","action":"assigned","details":"Task assigned by Geeta Bisht","timestamp":"2026-07-14T05:04:44.324Z","userName":"Geeta Bisht","_id":"6a55c36bd125fb496771da28"},{"id":"act-ewkfble","action":"accepted","details":"Task accepted by Parth Parashar","timestamp":"2026-07-14T05:07:18.700Z","userName":"Parth Parashar","_id":"6a55c408d125fb496771edf4"},{"id":"act-393wsx9","action":"started","details":"Work started by Parth Parashar","timestamp":"2026-07-14T05:07:35.120Z","userName":"Parth Parashar","_id":"6a55c419d125fb496771f0ee"},{"id":"act-kli8vtg","action":"sent_to_review","details":"Task sent to review automatically via daily work report submission by Parth Parashar","timestamp":"2026-07-14T12:38:33.291Z","userName":"Parth Parashar","_id":"6a562dc913d7ea9711a0608a"},{"id":"act-eujdgaa","action":"approved","details":"Task approved and completed automatically via work report approval by Geeta Bisht","timestamp":"2026-07-15T06:03:45.788Z","userName":"Geeta Bisht","_id":"6a5722c1791acf8d1b4f2f9b"}],"_id":"6a55c36bd125fb496771da25"},{"id":"t-PRJ-004-10-O652","title":"product listing","completed":false,"dueDate":"2026-07-17","priority":"High","overdue":false,"status":"Pending Acceptance","assignedTo":[],"assigneeId":"GATECO-EMP-005","assigneeName":"Balram Suman","assignedById":"GATECO-EMP-003","assignedByName":"Geeta Bisht","description":"","estimatedHours":20,"progress":0,"remarks":"","comments":[],"attachments":[],"approvals":[{"level":1,"role":"Team Leader Approval","approver":"Geeta Bisht","status":"Pending","timestamp":"","remarks":"","_id":"6a59c1413d336e4621b22be2"},{"level":2,"role":"Project Manager Approval","approver":"Harsh Chaudhary","status":"Pending","timestamp":"","remarks":"","_id":"6a59c1413d336e4621b22be3"}],"activityLog":[{"id":"act-oxm0lg2","action":"assigned","details":"Task assigned by Geeta Bisht","timestamp":"2026-07-17T05:44:36.446Z","userName":"Geeta Bisht","_id":"6a59c1413d336e4621b22be4"}],"_id":"6a59c1413d336e4621b22be1"},{"id":"t-PRJ-004-11-BLSY","title":"product listing","completed":false,"dueDate":"2026-07-17","priority":"High","overdue":false,"status":"In Progress","assignedTo":[],"assigneeId":"GATECO-EMP-009","assigneeName":"Vibhu Sharma","assignedById":"GATECO-EMP-003","assignedByName":"Geeta Bisht","description":"","estimatedHours":20,"progress":10,"remarks":"","comments":[],"attachments":[],"approvals":[{"level":1,"role":"Team Leader Approval","approver":"Geeta Bisht","status":"Pending","timestamp":"","remarks":"","_id":"6a59c17c3d336e4621b22dc5"},{"level":2,"role":"Project Manager Approval","approver":"Harsh Chaudhary","status":"Pending","timestamp":"","remarks":"","_id":"6a59c17c3d336e4621b22dc6"}],"activityLog":[{"id":"act-zl6b4oe","action":"assigned","details":"Task assigned by Geeta Bisht","timestamp":"2026-07-17T05:45:34.200Z","userName":"Geeta Bisht","_id":"6a59c17c3d336e4621b22dc7"},{"id":"act-qc6lipn","action":"accepted","details":"Task accepted by Vibhu Sharma","timestamp":"2026-07-17T05:45:51.975Z","userName":"Vibhu Sharma","_id":"6a59c1953d336e4621b22ee5"},{"id":"act-sxn77gf","action":"started","details":"Work started by Vibhu Sharma","timestamp":"2026-07-17T05:46:01.632Z","userName":"Vibhu Sharma","_id":"6a59c19f3d336e4621b22fac"}],"_id":"6a59c17c3d336e4621b22dc4"},{"id":"t-PRJ-004-12-P7QC","title":"Fake","completed":false,"dueDate":"2026-07-17","priority":"Medium","status":"Pending Acceptance","overdue":false,"assigneeId":"GATECO-EMP-005","assigneeName":"Balram Suman","assignedById":"GATECO-EMP-003","assignedByName":"Geeta Bisht","description":"","estimatedHours":20,"progress":0,"comments":[],"attachments":[],"approvals":[{"level":1,"role":"Team Leader Approval","approver":"Geeta Bisht","status":"Pending","timestamp":"","remarks":""},{"level":2,"role":"Project Manager Approval","approver":"Harsh Chaudhary","status":"Pending","timestamp":"","remarks":""}],"activityLog":[{"id":"act-oyz9q9n","action":"assigned","details":"Task assigned by Geeta Bisht","timestamp":"2026-07-17T05:47:05.928Z","userName":"Geeta Bisht"}]}]}

[2026-07-17T07:18:00.455Z] POST /api/v1/payroll-queries/GATECO-PAYR-007/action
Error: Query ticket not found.
Stack: Error: Query ticket not found.
    at Module.processHRAction (file:///C:/Users/Shubh/Desktop/OMS/backend/src/modules/payroll-queries/payroll-query.service.js:277:11)
    at process.processTicksAndRejections (node:internal/process/task_queues:104:5)
    at async file:///C:/Users/Shubh/Desktop/OMS/backend/src/modules/payroll-queries/payroll-query.controller.js:42:16
Body: {"action":"Approved","comments":"Approved correction and recalculated payment"}

[2026-07-17T07:18:04.053Z] POST /api/v1/payroll-queries/GATECO-PAYR-007/action
Error: Query ticket not found.
Stack: Error: Query ticket not found.
    at Module.processHRAction (file:///C:/Users/Shubh/Desktop/OMS/backend/src/modules/payroll-queries/payroll-query.service.js:277:11)
    at process.processTicksAndRejections (node:internal/process/task_queues:104:5)
    at async file:///C:/Users/Shubh/Desktop/OMS/backend/src/modules/payroll-queries/payroll-query.controller.js:42:16
Body: {"action":"Approved","comments":"Approved correction and recalculated payment"}

[2026-07-17T07:18:11.337Z] POST /api/v1/payroll-queries/GATECO-PAYR-007/action
Error: Query ticket not found.
Stack: Error: Query ticket not found.
    at Module.processHRAction (file:///C:/Users/Shubh/Desktop/OMS/backend/src/modules/payroll-queries/payroll-query.service.js:277:11)
    at process.processTicksAndRejections (node:internal/process/task_queues:104:5)
    at async file:///C:/Users/Shubh/Desktop/OMS/backend/src/modules/payroll-queries/payroll-query.controller.js:42:16
Body: {"action":"Approved","comments":"Approved correction and recalculated payment"}

[2026-07-17T07:18:17.572Z] POST /api/v1/payroll-queries/GATECO-PAYR-007/action
Error: Query ticket not found.
Stack: Error: Query ticket not found.
    at Module.processHRAction (file:///C:/Users/Shubh/Desktop/OMS/backend/src/modules/payroll-queries/payroll-query.service.js:277:11)
    at process.processTicksAndRejections (node:internal/process/task_queues:104:5)
    at async file:///C:/Users/Shubh/Desktop/OMS/backend/src/modules/payroll-queries/payroll-query.controller.js:42:16
Body: {"action":"Approved","comments":"Approved correction and recalculated payment"}

[2026-07-17T07:18:26.559Z] POST /api/v1/payroll-queries/GATECO-PAYR-007/action
Error: Query ticket not found.
Stack: Error: Query ticket not found.
    at Module.processHRAction (file:///C:/Users/Shubh/Desktop/OMS/backend/src/modules/payroll-queries/payroll-query.service.js:277:11)
    at process.processTicksAndRejections (node:internal/process/task_queues:104:5)
    at async file:///C:/Users/Shubh/Desktop/OMS/backend/src/modules/payroll-queries/payroll-query.controller.js:42:16
Body: {"action":"Rejected","comments":"Dispute ticket rejected after review of logs"}

[2026-07-17T07:24:17.675Z] GET /api/events/upcoming?limit=10
Error: getaddrinfo ENOTFOUND ac-4yhspek-shard-00-01.1meot8l.mongodb.net
Stack: MongoServerSelectionError: getaddrinfo ENOTFOUND ac-4yhspek-shard-00-01.1meot8l.mongodb.net
    at Topology.selectServer (C:\Users\Shubh\Desktop\OMS\backend\node_modules\mongodb\lib\sdam\topology.js:327:38)
    at runNextTicks (node:internal/process/task_queues:65:5)
    at listOnTimeout (node:internal/timers:567:9)
    at process.processTimers (node:internal/timers:541:7)
    at async tryOperation (C:\Users\Shubh\Desktop\OMS\backend\node_modules\mongodb\lib\operations\execute_operation.js:148:18)
    at async executeOperation (C:\Users\Shubh\Desktop\OMS\backend\node_modules\mongodb\lib\operations\execute_operation.js:78:16)
    at async FindCursor._initialize (C:\Users\Shubh\Desktop\OMS\backend\node_modules\mongodb\lib\cursor\find_cursor.js:62:26)
    at async FindCursor.cursorInit (C:\Users\Shubh\Desktop\OMS\backend\node_modules\mongodb\lib\cursor\abstract_cursor.js:632:27)
    at async FindCursor.fetchBatch (C:\Users\Shubh\Desktop\OMS\backend\node_modules\mongodb\lib\cursor\abstract_cursor.js:666:13)
    at async FindCursor.next (C:\Users\Shubh\Desktop\OMS\backend\node_modules\mongodb\lib\cursor\abstract_cursor.js:342:17)
Body: {}

[2026-07-17T07:24:17.688Z] GET /api/events/upcoming?limit=10
Error: getaddrinfo ENOTFOUND ac-4yhspek-shard-00-01.1meot8l.mongodb.net
Stack: MongoServerSelectionError: getaddrinfo ENOTFOUND ac-4yhspek-shard-00-01.1meot8l.mongodb.net
    at Topology.selectServer (C:\Users\Shubh\Desktop\OMS\backend\node_modules\mongodb\lib\sdam\topology.js:327:38)
    at runNextTicks (node:internal/process/task_queues:65:5)
    at listOnTimeout (node:internal/timers:567:9)
    at process.processTimers (node:internal/timers:541:7)
    at async tryOperation (C:\Users\Shubh\Desktop\OMS\backend\node_modules\mongodb\lib\operations\execute_operation.js:148:18)
    at async executeOperation (C:\Users\Shubh\Desktop\OMS\backend\node_modules\mongodb\lib\operations\execute_operation.js:78:16)
    at async FindCursor._initialize (C:\Users\Shubh\Desktop\OMS\backend\node_modules\mongodb\lib\cursor\find_cursor.js:62:26)
    at async FindCursor.cursorInit (C:\Users\Shubh\Desktop\OMS\backend\node_modules\mongodb\lib\cursor\abstract_cursor.js:632:27)
    at async FindCursor.fetchBatch (C:\Users\Shubh\Desktop\OMS\backend\node_modules\mongodb\lib\cursor\abstract_cursor.js:666:13)
    at async FindCursor.next (C:\Users\Shubh\Desktop\OMS\backend\node_modules\mongodb\lib\cursor\abstract_cursor.js:342:17)
Body: {}

[2026-07-17T07:24:17.711Z] GET /api/v1/chat/users/blocked
Error: getaddrinfo ENOTFOUND ac-4yhspek-shard-00-01.1meot8l.mongodb.net
Stack: MongoServerSelectionError: getaddrinfo ENOTFOUND ac-4yhspek-shard-00-01.1meot8l.mongodb.net
    at Topology.selectServer (C:\Users\Shubh\Desktop\OMS\backend\node_modules\mongodb\lib\sdam\topology.js:327:38)
    at runNextTicks (node:internal/process/task_queues:65:5)
    at listOnTimeout (node:internal/timers:567:9)
    at process.processTimers (node:internal/timers:541:7)
    at async tryOperation (C:\Users\Shubh\Desktop\OMS\backend\node_modules\mongodb\lib\operations\execute_operation.js:148:18)
    at async executeOperation (C:\Users\Shubh\Desktop\OMS\backend\node_modules\mongodb\lib\operations\execute_operation.js:78:16)
    at async FindCursor._initialize (C:\Users\Shubh\Desktop\OMS\backend\node_modules\mongodb\lib\cursor\find_cursor.js:62:26)
    at async FindCursor.cursorInit (C:\Users\Shubh\Desktop\OMS\backend\node_modules\mongodb\lib\cursor\abstract_cursor.js:632:27)
    at async FindCursor.fetchBatch (C:\Users\Shubh\Desktop\OMS\backend\node_modules\mongodb\lib\cursor\abstract_cursor.js:666:13)
    at async FindCursor.next (C:\Users\Shubh\Desktop\OMS\backend\node_modules\mongodb\lib\cursor\abstract_cursor.js:342:17)
Body: {}

[2026-07-17T07:24:17.721Z] GET /api/v1/chat/conversations
Error: getaddrinfo ENOTFOUND ac-4yhspek-shard-00-01.1meot8l.mongodb.net
Stack: MongoServerSelectionError: getaddrinfo ENOTFOUND ac-4yhspek-shard-00-01.1meot8l.mongodb.net
    at Topology.selectServer (C:\Users\Shubh\Desktop\OMS\backend\node_modules\mongodb\lib\sdam\topology.js:327:38)
    at runNextTicks (node:internal/process/task_queues:65:5)
    at listOnTimeout (node:internal/timers:567:9)
    at process.processTimers (node:internal/timers:541:7)
    at async tryOperation (C:\Users\Shubh\Desktop\OMS\backend\node_modules\mongodb\lib\operations\execute_operation.js:148:18)
    at async executeOperation (C:\Users\Shubh\Desktop\OMS\backend\node_modules\mongodb\lib\operations\execute_operation.js:78:16)
    at async FindCursor._initialize (C:\Users\Shubh\Desktop\OMS\backend\node_modules\mongodb\lib\cursor\find_cursor.js:62:26)
    at async FindCursor.cursorInit (C:\Users\Shubh\Desktop\OMS\backend\node_modules\mongodb\lib\cursor\abstract_cursor.js:632:27)
    at async FindCursor.fetchBatch (C:\Users\Shubh\Desktop\OMS\backend\node_modules\mongodb\lib\cursor\abstract_cursor.js:666:13)
    at async FindCursor.next (C:\Users\Shubh\Desktop\OMS\backend\node_modules\mongodb\lib\cursor\abstract_cursor.js:342:17)
Body: {}

[2026-07-17T07:24:17.732Z] GET /api/v1/chat/threads/activity
Error: getaddrinfo ENOTFOUND ac-4yhspek-shard-00-01.1meot8l.mongodb.net
Stack: MongoServerSelectionError: getaddrinfo ENOTFOUND ac-4yhspek-shard-00-01.1meot8l.mongodb.net
    at Topology.selectServer (C:\Users\Shubh\Desktop\OMS\backend\node_modules\mongodb\lib\sdam\topology.js:327:38)
    at runNextTicks (node:internal/process/task_queues:65:5)
    at listOnTimeout (node:internal/timers:567:9)
    at process.processTimers (node:internal/timers:541:7)
    at async tryOperation (C:\Users\Shubh\Desktop\OMS\backend\node_modules\mongodb\lib\operations\execute_operation.js:148:18)
    at async executeOperation (C:\Users\Shubh\Desktop\OMS\backend\node_modules\mongodb\lib\operations\execute_operation.js:78:16)
    at async FindCursor._initialize (C:\Users\Shubh\Desktop\OMS\backend\node_modules\mongodb\lib\cursor\find_cursor.js:62:26)
    at async FindCursor.cursorInit (C:\Users\Shubh\Desktop\OMS\backend\node_modules\mongodb\lib\cursor\abstract_cursor.js:632:27)
    at async FindCursor.fetchBatch (C:\Users\Shubh\Desktop\OMS\backend\node_modules\mongodb\lib\cursor\abstract_cursor.js:666:13)
    at async FindCursor.next (C:\Users\Shubh\Desktop\OMS\backend\node_modules\mongodb\lib\cursor\abstract_cursor.js:342:17)
Body: {}

[2026-07-17T07:24:17.748Z] GET /api/v1/chat/users/blocked
Error: getaddrinfo ENOTFOUND ac-4yhspek-shard-00-01.1meot8l.mongodb.net
Stack: MongoServerSelectionError: getaddrinfo ENOTFOUND ac-4yhspek-shard-00-01.1meot8l.mongodb.net
    at Topology.selectServer (C:\Users\Shubh\Desktop\OMS\backend\node_modules\mongodb\lib\sdam\topology.js:327:38)
    at runNextTicks (node:internal/process/task_queues:65:5)
    at listOnTimeout (node:internal/timers:567:9)
    at process.processTimers (node:internal/timers:541:7)
    at async tryOperation (C:\Users\Shubh\Desktop\OMS\backend\node_modules\mongodb\lib\operations\execute_operation.js:148:18)
    at async executeOperation (C:\Users\Shubh\Desktop\OMS\backend\node_modules\mongodb\lib\operations\execute_operation.js:78:16)
    at async FindCursor._initialize (C:\Users\Shubh\Desktop\OMS\backend\node_modules\mongodb\lib\cursor\find_cursor.js:62:26)
    at async FindCursor.cursorInit (C:\Users\Shubh\Desktop\OMS\backend\node_modules\mongodb\lib\cursor\abstract_cursor.js:632:27)
    at async FindCursor.fetchBatch (C:\Users\Shubh\Desktop\OMS\backend\node_modules\mongodb\lib\cursor\abstract_cursor.js:666:13)
    at async FindCursor.next (C:\Users\Shubh\Desktop\OMS\backend\node_modules\mongodb\lib\cursor\abstract_cursor.js:342:17)
Body: {}

[2026-07-17T07:24:17.778Z] GET /api/v1/employees
Error: getaddrinfo ENOTFOUND ac-4yhspek-shard-00-01.1meot8l.mongodb.net
Stack: MongoServerSelectionError: getaddrinfo ENOTFOUND ac-4yhspek-shard-00-01.1meot8l.mongodb.net
    at Topology.selectServer (C:\Users\Shubh\Desktop\OMS\backend\node_modules\mongodb\lib\sdam\topology.js:327:38)
    at runNextTicks (node:internal/process/task_queues:65:5)
    at listOnTimeout (node:internal/timers:567:9)
    at process.processTimers (node:internal/timers:541:7)
    at async tryOperation (C:\Users\Shubh\Desktop\OMS\backend\node_modules\mongodb\lib\operations\execute_operation.js:148:18)
    at async executeOperation (C:\Users\Shubh\Desktop\OMS\backend\node_modules\mongodb\lib\operations\execute_operation.js:78:16)
    at async FindCursor._initialize (C:\Users\Shubh\Desktop\OMS\backend\node_modules\mongodb\lib\cursor\find_cursor.js:62:26)
    at async FindCursor.cursorInit (C:\Users\Shubh\Desktop\OMS\backend\node_modules\mongodb\lib\cursor\abstract_cursor.js:632:27)
    at async FindCursor.fetchBatch (C:\Users\Shubh\Desktop\OMS\backend\node_modules\mongodb\lib\cursor\abstract_cursor.js:666:13)
    at async FindCursor.next (C:\Users\Shubh\Desktop\OMS\backend\node_modules\mongodb\lib\cursor\abstract_cursor.js:342:17)
Body: {}

[2026-07-17T07:24:17.794Z] GET /api/v1/chat/threads/activity
Error: getaddrinfo ENOTFOUND ac-4yhspek-shard-00-01.1meot8l.mongodb.net
Stack: MongoServerSelectionError: getaddrinfo ENOTFOUND ac-4yhspek-shard-00-01.1meot8l.mongodb.net
    at Topology.selectServer (C:\Users\Shubh\Desktop\OMS\backend\node_modules\mongodb\lib\sdam\topology.js:327:38)
    at runNextTicks (node:internal/process/task_queues:65:5)
    at listOnTimeout (node:internal/timers:567:9)
    at process.processTimers (node:internal/timers:541:7)
    at async tryOperation (C:\Users\Shubh\Desktop\OMS\backend\node_modules\mongodb\lib\operations\execute_operation.js:148:18)
    at async executeOperation (C:\Users\Shubh\Desktop\OMS\backend\node_modules\mongodb\lib\operations\execute_operation.js:78:16)
    at async FindCursor._initialize (C:\Users\Shubh\Desktop\OMS\backend\node_modules\mongodb\lib\cursor\find_cursor.js:62:26)
    at async FindCursor.cursorInit (C:\Users\Shubh\Desktop\OMS\backend\node_modules\mongodb\lib\cursor\abstract_cursor.js:632:27)
    at async FindCursor.fetchBatch (C:\Users\Shubh\Desktop\OMS\backend\node_modules\mongodb\lib\cursor\abstract_cursor.js:666:13)
    at async FindCursor.next (C:\Users\Shubh\Desktop\OMS\backend\node_modules\mongodb\lib\cursor\abstract_cursor.js:342:17)
Body: {}

[2026-07-17T07:24:17.806Z] GET /api/v1/chat/conversations
Error: getaddrinfo ENOTFOUND ac-4yhspek-shard-00-01.1meot8l.mongodb.net
Stack: MongoServerSelectionError: getaddrinfo ENOTFOUND ac-4yhspek-shard-00-01.1meot8l.mongodb.net
    at Topology.selectServer (C:\Users\Shubh\Desktop\OMS\backend\node_modules\mongodb\lib\sdam\topology.js:327:38)
    at runNextTicks (node:internal/process/task_queues:65:5)
    at listOnTimeout (node:internal/timers:567:9)
    at process.processTimers (node:internal/timers:541:7)
    at async tryOperation (C:\Users\Shubh\Desktop\OMS\backend\node_modules\mongodb\lib\operations\execute_operation.js:148:18)
    at async executeOperation (C:\Users\Shubh\Desktop\OMS\backend\node_modules\mongodb\lib\operations\execute_operation.js:78:16)
    at async FindCursor._initialize (C:\Users\Shubh\Desktop\OMS\backend\node_modules\mongodb\lib\cursor\find_cursor.js:62:26)
    at async FindCursor.cursorInit (C:\Users\Shubh\Desktop\OMS\backend\node_modules\mongodb\lib\cursor\abstract_cursor.js:632:27)
    at async FindCursor.fetchBatch (C:\Users\Shubh\Desktop\OMS\backend\node_modules\mongodb\lib\cursor\abstract_cursor.js:666:13)
    at async FindCursor.next (C:\Users\Shubh\Desktop\OMS\backend\node_modules\mongodb\lib\cursor\abstract_cursor.js:342:17)
Body: {}

[2026-07-17T07:24:17.818Z] GET /api/v1/roles
Error: getaddrinfo ENOTFOUND ac-4yhspek-shard-00-01.1meot8l.mongodb.net
Stack: MongoServerSelectionError: getaddrinfo ENOTFOUND ac-4yhspek-shard-00-01.1meot8l.mongodb.net
    at Topology.selectServer (C:\Users\Shubh\Desktop\OMS\backend\node_modules\mongodb\lib\sdam\topology.js:327:38)
    at runNextTicks (node:internal/process/task_queues:65:5)
    at listOnTimeout (node:internal/timers:567:9)
    at process.processTimers (node:internal/timers:541:7)
    at async tryOperation (C:\Users\Shubh\Desktop\OMS\backend\node_modules\mongodb\lib\operations\execute_operation.js:148:18)
    at async executeOperation (C:\Users\Shubh\Desktop\OMS\backend\node_modules\mongodb\lib\operations\execute_operation.js:78:16)
    at async FindCursor._initialize (C:\Users\Shubh\Desktop\OMS\backend\node_modules\mongodb\lib\cursor\find_cursor.js:62:26)
    at async FindCursor.cursorInit (C:\Users\Shubh\Desktop\OMS\backend\node_modules\mongodb\lib\cursor\abstract_cursor.js:632:27)
    at async FindCursor.fetchBatch (C:\Users\Shubh\Desktop\OMS\backend\node_modules\mongodb\lib\cursor\abstract_cursor.js:666:13)
    at async FindCursor.next (C:\Users\Shubh\Desktop\OMS\backend\node_modules\mongodb\lib\cursor\abstract_cursor.js:342:17)
Body: {}

[2026-07-17T07:24:17.842Z] GET /api/v1/employees
Error: getaddrinfo ENOTFOUND ac-4yhspek-shard-00-01.1meot8l.mongodb.net
Stack: MongoServerSelectionError: getaddrinfo ENOTFOUND ac-4yhspek-shard-00-01.1meot8l.mongodb.net
    at Topology.selectServer (C:\Users\Shubh\Desktop\OMS\backend\node_modules\mongodb\lib\sdam\topology.js:327:38)
    at runNextTicks (node:internal/process/task_queues:65:5)
    at listOnTimeout (node:internal/timers:567:9)
    at process.processTimers (node:internal/timers:541:7)
    at async tryOperation (C:\Users\Shubh\Desktop\OMS\backend\node_modules\mongodb\lib\operations\execute_operation.js:148:18)
    at async executeOperation (C:\Users\Shubh\Desktop\OMS\backend\node_modules\mongodb\lib\operations\execute_operation.js:78:16)
    at async FindCursor._initialize (C:\Users\Shubh\Desktop\OMS\backend\node_modules\mongodb\lib\cursor\find_cursor.js:62:26)
    at async FindCursor.cursorInit (C:\Users\Shubh\Desktop\OMS\backend\node_modules\mongodb\lib\cursor\abstract_cursor.js:632:27)
    at async FindCursor.fetchBatch (C:\Users\Shubh\Desktop\OMS\backend\node_modules\mongodb\lib\cursor\abstract_cursor.js:666:13)
    at async FindCursor.next (C:\Users\Shubh\Desktop\OMS\backend\node_modules\mongodb\lib\cursor\abstract_cursor.js:342:17)
Body: {}

[2026-07-17T07:24:17.852Z] GET /api/v1/roles
Error: getaddrinfo ENOTFOUND ac-4yhspek-shard-00-01.1meot8l.mongodb.net
Stack: MongoServerSelectionError: getaddrinfo ENOTFOUND ac-4yhspek-shard-00-01.1meot8l.mongodb.net
    at Topology.selectServer (C:\Users\Shubh\Desktop\OMS\backend\node_modules\mongodb\lib\sdam\topology.js:327:38)
    at runNextTicks (node:internal/process/task_queues:65:5)
    at listOnTimeout (node:internal/timers:567:9)
    at process.processTimers (node:internal/timers:541:7)
    at async tryOperation (C:\Users\Shubh\Desktop\OMS\backend\node_modules\mongodb\lib\operations\execute_operation.js:148:18)
    at async executeOperation (C:\Users\Shubh\Desktop\OMS\backend\node_modules\mongodb\lib\operations\execute_operation.js:78:16)
    at async FindCursor._initialize (C:\Users\Shubh\Desktop\OMS\backend\node_modules\mongodb\lib\cursor\find_cursor.js:62:26)
    at async FindCursor.cursorInit (C:\Users\Shubh\Desktop\OMS\backend\node_modules\mongodb\lib\cursor\abstract_cursor.js:632:27)
    at async FindCursor.fetchBatch (C:\Users\Shubh\Desktop\OMS\backend\node_modules\mongodb\lib\cursor\abstract_cursor.js:666:13)
    at async FindCursor.next (C:\Users\Shubh\Desktop\OMS\backend\node_modules\mongodb\lib\cursor\abstract_cursor.js:342:17)
Body: {}

[2026-07-17T07:24:17.866Z] GET /api/v1/attendance
Error: getaddrinfo ENOTFOUND ac-4yhspek-shard-00-01.1meot8l.mongodb.net
Stack: MongoServerSelectionError: getaddrinfo ENOTFOUND ac-4yhspek-shard-00-01.1meot8l.mongodb.net
    at Topology.selectServer (C:\Users\Shubh\Desktop\OMS\backend\node_modules\mongodb\lib\sdam\topology.js:327:38)
    at runNextTicks (node:internal/process/task_queues:65:5)
    at listOnTimeout (node:internal/timers:567:9)
    at process.processTimers (node:internal/timers:541:7)
    at async tryOperation (C:\Users\Shubh\Desktop\OMS\backend\node_modules\mongodb\lib\operations\execute_operation.js:148:18)
    at async executeOperation (C:\Users\Shubh\Desktop\OMS\backend\node_modules\mongodb\lib\operations\execute_operation.js:78:16)
    at async FindCursor._initialize (C:\Users\Shubh\Desktop\OMS\backend\node_modules\mongodb\lib\cursor\find_cursor.js:62:26)
    at async FindCursor.cursorInit (C:\Users\Shubh\Desktop\OMS\backend\node_modules\mongodb\lib\cursor\abstract_cursor.js:632:27)
    at async FindCursor.fetchBatch (C:\Users\Shubh\Desktop\OMS\backend\node_modules\mongodb\lib\cursor\abstract_cursor.js:666:13)
    at async FindCursor.next (C:\Users\Shubh\Desktop\OMS\backend\node_modules\mongodb\lib\cursor\abstract_cursor.js:342:17)
Body: {}

[2026-07-17T07:24:18.218Z] GET /api/v1/attendance
Error: getaddrinfo ENOTFOUND ac-4yhspek-shard-00-01.1meot8l.mongodb.net
Stack: MongoServerSelectionError: getaddrinfo ENOTFOUND ac-4yhspek-shard-00-01.1meot8l.mongodb.net
    at Topology.selectServer (C:\Users\Shubh\Desktop\OMS\backend\node_modules\mongodb\lib\sdam\topology.js:327:38)
    at runNextTicks (node:internal/process/task_queues:65:5)
    at listOnTimeout (node:internal/timers:567:9)
    at process.processTimers (node:internal/timers:541:7)
    at async tryOperation (C:\Users\Shubh\Desktop\OMS\backend\node_modules\mongodb\lib\operations\execute_operation.js:148:18)
    at async executeOperation (C:\Users\Shubh\Desktop\OMS\backend\node_modules\mongodb\lib\operations\execute_operation.js:78:16)
    at async FindCursor._initialize (C:\Users\Shubh\Desktop\OMS\backend\node_modules\mongodb\lib\cursor\find_cursor.js:62:26)
    at async FindCursor.cursorInit (C:\Users\Shubh\Desktop\OMS\backend\node_modules\mongodb\lib\cursor\abstract_cursor.js:632:27)
    at async FindCursor.fetchBatch (C:\Users\Shubh\Desktop\OMS\backend\node_modules\mongodb\lib\cursor\abstract_cursor.js:666:13)
    at async FindCursor.next (C:\Users\Shubh\Desktop\OMS\backend\node_modules\mongodb\lib\cursor\abstract_cursor.js:342:17)
Body: {}

[2026-07-17T07:24:18.274Z] GET /api/v1/leaves
Error: getaddrinfo ENOTFOUND ac-4yhspek-shard-00-01.1meot8l.mongodb.net
Stack: MongoServerSelectionError: getaddrinfo ENOTFOUND ac-4yhspek-shard-00-01.1meot8l.mongodb.net
    at Topology.selectServer (C:\Users\Shubh\Desktop\OMS\backend\node_modules\mongodb\lib\sdam\topology.js:327:38)
    at runNextTicks (node:internal/process/task_queues:65:5)
    at listOnTimeout (node:internal/timers:567:9)
    at process.processTimers (node:internal/timers:541:7)
    at async tryOperation (C:\Users\Shubh\Desktop\OMS\backend\node_modules\mongodb\lib\operations\execute_operation.js:148:18)
    at async executeOperation (C:\Users\Shubh\Desktop\OMS\backend\node_modules\mongodb\lib\operations\execute_operation.js:78:16)
    at async FindCursor._initialize (C:\Users\Shubh\Desktop\OMS\backend\node_modules\mongodb\lib\cursor\find_cursor.js:62:26)
    at async FindCursor.cursorInit (C:\Users\Shubh\Desktop\OMS\backend\node_modules\mongodb\lib\cursor\abstract_cursor.js:632:27)
    at async FindCursor.fetchBatch (C:\Users\Shubh\Desktop\OMS\backend\node_modules\mongodb\lib\cursor\abstract_cursor.js:666:13)
    at async FindCursor.next (C:\Users\Shubh\Desktop\OMS\backend\node_modules\mongodb\lib\cursor\abstract_cursor.js:342:17)
Body: {}

[2026-07-17T07:24:18.418Z] GET /api/v1/leaves/policies
Error: getaddrinfo ENOTFOUND ac-4yhspek-shard-00-01.1meot8l.mongodb.net
Stack: MongoServerSelectionError: getaddrinfo ENOTFOUND ac-4yhspek-shard-00-01.1meot8l.mongodb.net
    at Topology.selectServer (C:\Users\Shubh\Desktop\OMS\backend\node_modules\mongodb\lib\sdam\topology.js:327:38)
    at runNextTicks (node:internal/process/task_queues:65:5)
    at listOnTimeout (node:internal/timers:567:9)
    at process.processTimers (node:internal/timers:541:7)
    at async tryOperation (C:\Users\Shubh\Desktop\OMS\backend\node_modules\mongodb\lib\operations\execute_operation.js:148:18)
    at async executeOperation (C:\Users\Shubh\Desktop\OMS\backend\node_modules\mongodb\lib\operations\execute_operation.js:78:16)
    at async FindCursor._initialize (C:\Users\Shubh\Desktop\OMS\backend\node_modules\mongodb\lib\cursor\find_cursor.js:62:26)
    at async FindCursor.cursorInit (C:\Users\Shubh\Desktop\OMS\backend\node_modules\mongodb\lib\cursor\abstract_cursor.js:632:27)
    at async FindCursor.fetchBatch (C:\Users\Shubh\Desktop\OMS\backend\node_modules\mongodb\lib\cursor\abstract_cursor.js:666:13)
    at async FindCursor.next (C:\Users\Shubh\Desktop\OMS\backend\node_modules\mongodb\lib\cursor\abstract_cursor.js:342:17)
Body: {}

[2026-07-17T07:24:18.471Z] GET /api/v1/leaves
Error: getaddrinfo ENOTFOUND ac-4yhspek-shard-00-01.1meot8l.mongodb.net
Stack: MongoServerSelectionError: getaddrinfo ENOTFOUND ac-4yhspek-shard-00-01.1meot8l.mongodb.net
    at Topology.selectServer (C:\Users\Shubh\Desktop\OMS\backend\node_modules\mongodb\lib\sdam\topology.js:327:38)
    at runNextTicks (node:internal/process/task_queues:65:5)
    at listOnTimeout (node:internal/timers:567:9)
    at process.processTimers (node:internal/timers:541:7)
    at async tryOperation (C:\Users\Shubh\Desktop\OMS\backend\node_modules\mongodb\lib\operations\execute_operation.js:148:18)
    at async executeOperation (C:\Users\Shubh\Desktop\OMS\backend\node_modules\mongodb\lib\operations\execute_operation.js:78:16)
    at async FindCursor._initialize (C:\Users\Shubh\Desktop\OMS\backend\node_modules\mongodb\lib\cursor\find_cursor.js:62:26)
    at async FindCursor.cursorInit (C:\Users\Shubh\Desktop\OMS\backend\node_modules\mongodb\lib\cursor\abstract_cursor.js:632:27)
    at async FindCursor.fetchBatch (C:\Users\Shubh\Desktop\OMS\backend\node_modules\mongodb\lib\cursor\abstract_cursor.js:666:13)
    at async FindCursor.next (C:\Users\Shubh\Desktop\OMS\backend\node_modules\mongodb\lib\cursor\abstract_cursor.js:342:17)
Body: {}

[2026-07-17T07:24:18.523Z] GET /api/v1/holidays
Error: getaddrinfo ENOTFOUND ac-4yhspek-shard-00-01.1meot8l.mongodb.net
Stack: MongoServerSelectionError: getaddrinfo ENOTFOUND ac-4yhspek-shard-00-01.1meot8l.mongodb.net
    at Topology.selectServer (C:\Users\Shubh\Desktop\OMS\backend\node_modules\mongodb\lib\sdam\topology.js:327:38)
    at runNextTicks (node:internal/process/task_queues:65:5)
    at listOnTimeout (node:internal/timers:567:9)
    at process.processTimers (node:internal/timers:541:7)
    at async tryOperation (C:\Users\Shubh\Desktop\OMS\backend\node_modules\mongodb\lib\operations\execute_operation.js:148:18)
    at async executeOperation (C:\Users\Shubh\Desktop\OMS\backend\node_modules\mongodb\lib\operations\execute_operation.js:78:16)
    at async FindCursor._initialize (C:\Users\Shubh\Desktop\OMS\backend\node_modules\mongodb\lib\cursor\find_cursor.js:62:26)
    at async FindCursor.cursorInit (C:\Users\Shubh\Desktop\OMS\backend\node_modules\mongodb\lib\cursor\abstract_cursor.js:632:27)
    at async FindCursor.fetchBatch (C:\Users\Shubh\Desktop\OMS\backend\node_modules\mongodb\lib\cursor\abstract_cursor.js:666:13)
    at async FindCursor.next (C:\Users\Shubh\Desktop\OMS\backend\node_modules\mongodb\lib\cursor\abstract_cursor.js:342:17)
Body: {}

[2026-07-17T07:24:18.559Z] GET /api/v1/leaves/policies
Error: getaddrinfo ENOTFOUND ac-4yhspek-shard-00-01.1meot8l.mongodb.net
Stack: MongoServerSelectionError: getaddrinfo ENOTFOUND ac-4yhspek-shard-00-01.1meot8l.mongodb.net
    at Topology.selectServer (C:\Users\Shubh\Desktop\OMS\backend\node_modules\mongodb\lib\sdam\topology.js:327:38)
    at runNextTicks (node:internal/process/task_queues:65:5)
    at listOnTimeout (node:internal/timers:567:9)
    at process.processTimers (node:internal/timers:541:7)
    at async tryOperation (C:\Users\Shubh\Desktop\OMS\backend\node_modules\mongodb\lib\operations\execute_operation.js:148:18)
    at async executeOperation (C:\Users\Shubh\Desktop\OMS\backend\node_modules\mongodb\lib\operations\execute_operation.js:78:16)
    at async FindCursor._initialize (C:\Users\Shubh\Desktop\OMS\backend\node_modules\mongodb\lib\cursor\find_cursor.js:62:26)
    at async FindCursor.cursorInit (C:\Users\Shubh\Desktop\OMS\backend\node_modules\mongodb\lib\cursor\abstract_cursor.js:632:27)
    at async FindCursor.fetchBatch (C:\Users\Shubh\Desktop\OMS\backend\node_modules\mongodb\lib\cursor\abstract_cursor.js:666:13)
    at async FindCursor.next (C:\Users\Shubh\Desktop\OMS\backend\node_modules\mongodb\lib\cursor\abstract_cursor.js:342:17)
Body: {}

[2026-07-17T07:24:18.714Z] GET /api/v1/holidays
Error: getaddrinfo ENOTFOUND ac-4yhspek-shard-00-01.1meot8l.mongodb.net
Stack: MongoServerSelectionError: getaddrinfo ENOTFOUND ac-4yhspek-shard-00-01.1meot8l.mongodb.net
    at Topology.selectServer (C:\Users\Shubh\Desktop\OMS\backend\node_modules\mongodb\lib\sdam\topology.js:327:38)
    at runNextTicks (node:internal/process/task_queues:65:5)
    at listOnTimeout (node:internal/timers:567:9)
    at process.processTimers (node:internal/timers:541:7)
    at async tryOperation (C:\Users\Shubh\Desktop\OMS\backend\node_modules\mongodb\lib\operations\execute_operation.js:148:18)
    at async executeOperation (C:\Users\Shubh\Desktop\OMS\backend\node_modules\mongodb\lib\operations\execute_operation.js:78:16)
    at async FindCursor._initialize (C:\Users\Shubh\Desktop\OMS\backend\node_modules\mongodb\lib\cursor\find_cursor.js:62:26)
    at async FindCursor.cursorInit (C:\Users\Shubh\Desktop\OMS\backend\node_modules\mongodb\lib\cursor\abstract_cursor.js:632:27)
    at async FindCursor.fetchBatch (C:\Users\Shubh\Desktop\OMS\backend\node_modules\mongodb\lib\cursor\abstract_cursor.js:666:13)
    at async FindCursor.next (C:\Users\Shubh\Desktop\OMS\backend\node_modules\mongodb\lib\cursor\abstract_cursor.js:342:17)
Body: {}

[2026-07-17T07:24:18.807Z] GET /api/v1/work-reports
Error: getaddrinfo ENOTFOUND ac-4yhspek-shard-00-01.1meot8l.mongodb.net
Stack: MongoServerSelectionError: getaddrinfo ENOTFOUND ac-4yhspek-shard-00-01.1meot8l.mongodb.net
    at Topology.selectServer (C:\Users\Shubh\Desktop\OMS\backend\node_modules\mongodb\lib\sdam\topology.js:327:38)
    at runNextTicks (node:internal/process/task_queues:65:5)
    at listOnTimeout (node:internal/timers:567:9)
    at process.processTimers (node:internal/timers:541:7)
    at async tryOperation (C:\Users\Shubh\Desktop\OMS\backend\node_modules\mongodb\lib\operations\execute_operation.js:148:18)
    at async executeOperation (C:\Users\Shubh\Desktop\OMS\backend\node_modules\mongodb\lib\operations\execute_operation.js:78:16)
    at async FindCursor._initialize (C:\Users\Shubh\Desktop\OMS\backend\node_modules\mongodb\lib\cursor\find_cursor.js:62:26)
    at async FindCursor.cursorInit (C:\Users\Shubh\Desktop\OMS\backend\node_modules\mongodb\lib\cursor\abstract_cursor.js:632:27)
    at async FindCursor.fetchBatch (C:\Users\Shubh\Desktop\OMS\backend\node_modules\mongodb\lib\cursor\abstract_cursor.js:666:13)
    at async FindCursor.next (C:\Users\Shubh\Desktop\OMS\backend\node_modules\mongodb\lib\cursor\abstract_cursor.js:342:17)
Body: {}

[2026-07-17T07:24:18.841Z] GET /api/v1/work-reports
Error: getaddrinfo ENOTFOUND ac-4yhspek-shard-00-01.1meot8l.mongodb.net
Stack: MongoServerSelectionError: getaddrinfo ENOTFOUND ac-4yhspek-shard-00-01.1meot8l.mongodb.net
    at Topology.selectServer (C:\Users\Shubh\Desktop\OMS\backend\node_modules\mongodb\lib\sdam\topology.js:327:38)
    at runNextTicks (node:internal/process/task_queues:65:5)
    at listOnTimeout (node:internal/timers:567:9)
    at process.processTimers (node:internal/timers:541:7)
    at async tryOperation (C:\Users\Shubh\Desktop\OMS\backend\node_modules\mongodb\lib\operations\execute_operation.js:148:18)
    at async executeOperation (C:\Users\Shubh\Desktop\OMS\backend\node_modules\mongodb\lib\operations\execute_operation.js:78:16)
    at async FindCursor._initialize (C:\Users\Shubh\Desktop\OMS\backend\node_modules\mongodb\lib\cursor\find_cursor.js:62:26)
    at async FindCursor.cursorInit (C:\Users\Shubh\Desktop\OMS\backend\node_modules\mongodb\lib\cursor\abstract_cursor.js:632:27)
    at async FindCursor.fetchBatch (C:\Users\Shubh\Desktop\OMS\backend\node_modules\mongodb\lib\cursor\abstract_cursor.js:666:13)
    at async FindCursor.next (C:\Users\Shubh\Desktop\OMS\backend\node_modules\mongodb\lib\cursor\abstract_cursor.js:342:17)
Body: {}

[2026-07-17T07:24:18.858Z] GET /api/v1/appraisal-reviews
Error: getaddrinfo ENOTFOUND ac-4yhspek-shard-00-01.1meot8l.mongodb.net
Stack: MongoServerSelectionError: getaddrinfo ENOTFOUND ac-4yhspek-shard-00-01.1meot8l.mongodb.net
    at Topology.selectServer (C:\Users\Shubh\Desktop\OMS\backend\node_modules\mongodb\lib\sdam\topology.js:327:38)
    at runNextTicks (node:internal/process/task_queues:65:5)
    at listOnTimeout (node:internal/timers:567:9)
    at process.processTimers (node:internal/timers:541:7)
    at async tryOperation (C:\Users\Shubh\Desktop\OMS\backend\node_modules\mongodb\lib\operations\execute_operation.js:148:18)
    at async executeOperation (C:\Users\Shubh\Desktop\OMS\backend\node_modules\mongodb\lib\operations\execute_operation.js:78:16)
    at async FindCursor._initialize (C:\Users\Shubh\Desktop\OMS\backend\node_modules\mongodb\lib\cursor\find_cursor.js:62:26)
    at async FindCursor.cursorInit (C:\Users\Shubh\Desktop\OMS\backend\node_modules\mongodb\lib\cursor\abstract_cursor.js:632:27)
    at async FindCursor.fetchBatch (C:\Users\Shubh\Desktop\OMS\backend\node_modules\mongodb\lib\cursor\abstract_cursor.js:666:13)
    at async FindCursor.next (C:\Users\Shubh\Desktop\OMS\backend\node_modules\mongodb\lib\cursor\abstract_cursor.js:342:17)
Body: {}

[2026-07-17T07:24:18.876Z] GET /api/v1/appraisal-reviews
Error: getaddrinfo ENOTFOUND ac-4yhspek-shard-00-01.1meot8l.mongodb.net
Stack: MongoServerSelectionError: getaddrinfo ENOTFOUND ac-4yhspek-shard-00-01.1meot8l.mongodb.net
    at Topology.selectServer (C:\Users\Shubh\Desktop\OMS\backend\node_modules\mongodb\lib\sdam\topology.js:327:38)
    at runNextTicks (node:internal/process/task_queues:65:5)
    at listOnTimeout (node:internal/timers:567:9)
    at process.processTimers (node:internal/timers:541:7)
    at async tryOperation (C:\Users\Shubh\Desktop\OMS\backend\node_modules\mongodb\lib\operations\execute_operation.js:148:18)
    at async executeOperation (C:\Users\Shubh\Desktop\OMS\backend\node_modules\mongodb\lib\operations\execute_operation.js:78:16)
    at async FindCursor._initialize (C:\Users\Shubh\Desktop\OMS\backend\node_modules\mongodb\lib\cursor\find_cursor.js:62:26)
    at async FindCursor.cursorInit (C:\Users\Shubh\Desktop\OMS\backend\node_modules\mongodb\lib\cursor\abstract_cursor.js:632:27)
    at async FindCursor.fetchBatch (C:\Users\Shubh\Desktop\OMS\backend\node_modules\mongodb\lib\cursor\abstract_cursor.js:666:13)
    at async FindCursor.next (C:\Users\Shubh\Desktop\OMS\backend\node_modules\mongodb\lib\cursor\abstract_cursor.js:342:17)
Body: {}

[2026-07-17T07:24:34.003Z] GET /api/v1/roles/permissions-modules
Error: getaddrinfo ENOTFOUND ac-4yhspek-shard-00-01.1meot8l.mongodb.net
Stack: MongoServerSelectionError: getaddrinfo ENOTFOUND ac-4yhspek-shard-00-01.1meot8l.mongodb.net
    at Topology.selectServer (C:\Users\Shubh\Desktop\OMS\backend\node_modules\mongodb\lib\sdam\topology.js:327:38)
    at async tryOperation (C:\Users\Shubh\Desktop\OMS\backend\node_modules\mongodb\lib\operations\execute_operation.js:148:18)
    at async executeOperation (C:\Users\Shubh\Desktop\OMS\backend\node_modules\mongodb\lib\operations\execute_operation.js:78:16)
    at async FindCursor._initialize (C:\Users\Shubh\Desktop\OMS\backend\node_modules\mongodb\lib\cursor\find_cursor.js:62:26)
    at async FindCursor.cursorInit (C:\Users\Shubh\Desktop\OMS\backend\node_modules\mongodb\lib\cursor\abstract_cursor.js:632:27)
    at async FindCursor.fetchBatch (C:\Users\Shubh\Desktop\OMS\backend\node_modules\mongodb\lib\cursor\abstract_cursor.js:666:13)
    at async FindCursor.next (C:\Users\Shubh\Desktop\OMS\backend\node_modules\mongodb\lib\cursor\abstract_cursor.js:342:17)
    at async Collection.findOne (C:\Users\Shubh\Desktop\OMS\backend\node_modules\mongodb\lib\collection.js:313:24)
    at async model.Query._findOne (C:\Users\Shubh\Desktop\OMS\backend\node_modules\mongoose\lib\query.js:2710:15)
    at async model.Query.exec (C:\Users\Shubh\Desktop\OMS\backend\node_modules\mongoose\lib\query.js:4627:63)
Body: {}

[2026-07-17T07:24:34.020Z] GET /api/v1/announcements/emergency
Error: getaddrinfo ENOTFOUND ac-4yhspek-shard-00-01.1meot8l.mongodb.net
Stack: MongoServerSelectionError: getaddrinfo ENOTFOUND ac-4yhspek-shard-00-01.1meot8l.mongodb.net
    at Topology.selectServer (C:\Users\Shubh\Desktop\OMS\backend\node_modules\mongodb\lib\sdam\topology.js:327:38)
    at async tryOperation (C:\Users\Shubh\Desktop\OMS\backend\node_modules\mongodb\lib\operations\execute_operation.js:148:18)
    at async executeOperation (C:\Users\Shubh\Desktop\OMS\backend\node_modules\mongodb\lib\operations\execute_operation.js:78:16)
    at async FindCursor._initialize (C:\Users\Shubh\Desktop\OMS\backend\node_modules\mongodb\lib\cursor\find_cursor.js:62:26)
    at async FindCursor.cursorInit (C:\Users\Shubh\Desktop\OMS\backend\node_modules\mongodb\lib\cursor\abstract_cursor.js:632:27)
    at async FindCursor.fetchBatch (C:\Users\Shubh\Desktop\OMS\backend\node_modules\mongodb\lib\cursor\abstract_cursor.js:666:13)
    at async FindCursor.next (C:\Users\Shubh\Desktop\OMS\backend\node_modules\mongodb\lib\cursor\abstract_cursor.js:342:17)
    at async Collection.findOne (C:\Users\Shubh\Desktop\OMS\backend\node_modules\mongodb\lib\collection.js:313:24)
    at async model.Query._findOne (C:\Users\Shubh\Desktop\OMS\backend\node_modules\mongoose\lib\query.js:2710:15)
    at async model.Query.exec (C:\Users\Shubh\Desktop\OMS\backend\node_modules\mongoose\lib\query.js:4627:63)
Body: {}

[2026-07-17T07:24:34.040Z] GET /api/v1/announcements/tracking
Error: getaddrinfo ENOTFOUND ac-4yhspek-shard-00-01.1meot8l.mongodb.net
Stack: MongoServerSelectionError: getaddrinfo ENOTFOUND ac-4yhspek-shard-00-01.1meot8l.mongodb.net
    at Topology.selectServer (C:\Users\Shubh\Desktop\OMS\backend\node_modules\mongodb\lib\sdam\topology.js:327:38)
    at runNextTicks (node:internal/process/task_queues:65:5)
    at process.processTimers (node:internal/timers:538:9)
    at async tryOperation (C:\Users\Shubh\Desktop\OMS\backend\node_modules\mongodb\lib\operations\execute_operation.js:148:18)
    at async executeOperation (C:\Users\Shubh\Desktop\OMS\backend\node_modules\mongodb\lib\operations\execute_operation.js:78:16)
    at async FindCursor._initialize (C:\Users\Shubh\Desktop\OMS\backend\node_modules\mongodb\lib\cursor\find_cursor.js:62:26)
    at async FindCursor.cursorInit (C:\Users\Shubh\Desktop\OMS\backend\node_modules\mongodb\lib\cursor\abstract_cursor.js:632:27)
    at async FindCursor.fetchBatch (C:\Users\Shubh\Desktop\OMS\backend\node_modules\mongodb\lib\cursor\abstract_cursor.js:666:13)
    at async FindCursor.next (C:\Users\Shubh\Desktop\OMS\backend\node_modules\mongodb\lib\cursor\abstract_cursor.js:342:17)
    at async Collection.findOne (C:\Users\Shubh\Desktop\OMS\backend\node_modules\mongodb\lib\collection.js:313:24)
Body: {}

[2026-07-17T07:24:34.079Z] GET /api/v1/announcements/audit-logs
Error: getaddrinfo ENOTFOUND ac-4yhspek-shard-00-01.1meot8l.mongodb.net
Stack: MongoServerSelectionError: getaddrinfo ENOTFOUND ac-4yhspek-shard-00-01.1meot8l.mongodb.net
    at Topology.selectServer (C:\Users\Shubh\Desktop\OMS\backend\node_modules\mongodb\lib\sdam\topology.js:327:38)
    at async tryOperation (C:\Users\Shubh\Desktop\OMS\backend\node_modules\mongodb\lib\operations\execute_operation.js:148:18)
    at async executeOperation (C:\Users\Shubh\Desktop\OMS\backend\node_modules\mongodb\lib\operations\execute_operation.js:78:16)
    at async FindCursor._initialize (C:\Users\Shubh\Desktop\OMS\backend\node_modules\mongodb\lib\cursor\find_cursor.js:62:26)
    at async FindCursor.cursorInit (C:\Users\Shubh\Desktop\OMS\backend\node_modules\mongodb\lib\cursor\abstract_cursor.js:632:27)
    at async FindCursor.fetchBatch (C:\Users\Shubh\Desktop\OMS\backend\node_modules\mongodb\lib\cursor\abstract_cursor.js:666:13)
    at async FindCursor.next (C:\Users\Shubh\Desktop\OMS\backend\node_modules\mongodb\lib\cursor\abstract_cursor.js:342:17)
    at async Collection.findOne (C:\Users\Shubh\Desktop\OMS\backend\node_modules\mongodb\lib\collection.js:313:24)
    at async model.Query._findOne (C:\Users\Shubh\Desktop\OMS\backend\node_modules\mongoose\lib\query.js:2710:15)
    at async model.Query.exec (C:\Users\Shubh\Desktop\OMS\backend\node_modules\mongoose\lib\query.js:4627:63)
Body: {}

[2026-07-17T07:24:34.108Z] GET /api/v1/documents
Error: getaddrinfo ENOTFOUND ac-4yhspek-shard-00-01.1meot8l.mongodb.net
Stack: MongoServerSelectionError: getaddrinfo ENOTFOUND ac-4yhspek-shard-00-01.1meot8l.mongodb.net
    at Topology.selectServer (C:\Users\Shubh\Desktop\OMS\backend\node_modules\mongodb\lib\sdam\topology.js:327:38)
    at async tryOperation (C:\Users\Shubh\Desktop\OMS\backend\node_modules\mongodb\lib\operations\execute_operation.js:148:18)
    at async executeOperation (C:\Users\Shubh\Desktop\OMS\backend\node_modules\mongodb\lib\operations\execute_operation.js:78:16)
    at async FindCursor._initialize (C:\Users\Shubh\Desktop\OMS\backend\node_modules\mongodb\lib\cursor\find_cursor.js:62:26)
    at async FindCursor.cursorInit (C:\Users\Shubh\Desktop\OMS\backend\node_modules\mongodb\lib\cursor\abstract_cursor.js:632:27)
    at async FindCursor.fetchBatch (C:\Users\Shubh\Desktop\OMS\backend\node_modules\mongodb\lib\cursor\abstract_cursor.js:666:13)
    at async FindCursor.next (C:\Users\Shubh\Desktop\OMS\backend\node_modules\mongodb\lib\cursor\abstract_cursor.js:342:17)
    at async Collection.findOne (C:\Users\Shubh\Desktop\OMS\backend\node_modules\mongodb\lib\collection.js:313:24)
    at async model.Query._findOne (C:\Users\Shubh\Desktop\OMS\backend\node_modules\mongoose\lib\query.js:2710:15)
    at async model.Query.exec (C:\Users\Shubh\Desktop\OMS\backend\node_modules\mongoose\lib\query.js:4627:63)
Body: {}

[2026-07-17T07:24:34.208Z] GET /api/v1/activity-logs
Error: getaddrinfo ENOTFOUND ac-4yhspek-shard-00-01.1meot8l.mongodb.net
Stack: MongoServerSelectionError: getaddrinfo ENOTFOUND ac-4yhspek-shard-00-01.1meot8l.mongodb.net
    at Topology.selectServer (C:\Users\Shubh\Desktop\OMS\backend\node_modules\mongodb\lib\sdam\topology.js:327:38)
    at async tryOperation (C:\Users\Shubh\Desktop\OMS\backend\node_modules\mongodb\lib\operations\execute_operation.js:148:18)
    at async executeOperation (C:\Users\Shubh\Desktop\OMS\backend\node_modules\mongodb\lib\operations\execute_operation.js:78:16)
    at async FindCursor._initialize (C:\Users\Shubh\Desktop\OMS\backend\node_modules\mongodb\lib\cursor\find_cursor.js:62:26)
    at async FindCursor.cursorInit (C:\Users\Shubh\Desktop\OMS\backend\node_modules\mongodb\lib\cursor\abstract_cursor.js:632:27)
    at async FindCursor.fetchBatch (C:\Users\Shubh\Desktop\OMS\backend\node_modules\mongodb\lib\cursor\abstract_cursor.js:666:13)
    at async FindCursor.next (C:\Users\Shubh\Desktop\OMS\backend\node_modules\mongodb\lib\cursor\abstract_cursor.js:342:17)
    at async Collection.findOne (C:\Users\Shubh\Desktop\OMS\backend\node_modules\mongodb\lib\collection.js:313:24)
    at async model.Query._findOne (C:\Users\Shubh\Desktop\OMS\backend\node_modules\mongoose\lib\query.js:2710:15)
    at async model.Query.exec (C:\Users\Shubh\Desktop\OMS\backend\node_modules\mongoose\lib\query.js:4627:63)
Body: {}

[2026-07-17T07:24:34.339Z] GET /api/v1/roles/permissions-modules
Error: getaddrinfo ENOTFOUND ac-4yhspek-shard-00-01.1meot8l.mongodb.net
Stack: MongoServerSelectionError: getaddrinfo ENOTFOUND ac-4yhspek-shard-00-01.1meot8l.mongodb.net
    at Topology.selectServer (C:\Users\Shubh\Desktop\OMS\backend\node_modules\mongodb\lib\sdam\topology.js:327:38)
    at async tryOperation (C:\Users\Shubh\Desktop\OMS\backend\node_modules\mongodb\lib\operations\execute_operation.js:148:18)
    at async executeOperation (C:\Users\Shubh\Desktop\OMS\backend\node_modules\mongodb\lib\operations\execute_operation.js:78:16)
    at async FindCursor._initialize (C:\Users\Shubh\Desktop\OMS\backend\node_modules\mongodb\lib\cursor\find_cursor.js:62:26)
    at async FindCursor.cursorInit (C:\Users\Shubh\Desktop\OMS\backend\node_modules\mongodb\lib\cursor\abstract_cursor.js:632:27)
    at async FindCursor.fetchBatch (C:\Users\Shubh\Desktop\OMS\backend\node_modules\mongodb\lib\cursor\abstract_cursor.js:666:13)
    at async FindCursor.next (C:\Users\Shubh\Desktop\OMS\backend\node_modules\mongodb\lib\cursor\abstract_cursor.js:342:17)
    at async Collection.findOne (C:\Users\Shubh\Desktop\OMS\backend\node_modules\mongodb\lib\collection.js:313:24)
    at async model.Query._findOne (C:\Users\Shubh\Desktop\OMS\backend\node_modules\mongoose\lib\query.js:2710:15)
    at async model.Query.exec (C:\Users\Shubh\Desktop\OMS\backend\node_modules\mongoose\lib\query.js:4627:63)
Body: {}

[2026-07-17T07:24:34.367Z] GET /api/v1/roles/overrides
Error: getaddrinfo ENOTFOUND ac-4yhspek-shard-00-01.1meot8l.mongodb.net
Stack: MongoServerSelectionError: getaddrinfo ENOTFOUND ac-4yhspek-shard-00-01.1meot8l.mongodb.net
    at Topology.selectServer (C:\Users\Shubh\Desktop\OMS\backend\node_modules\mongodb\lib\sdam\topology.js:327:38)
    at async tryOperation (C:\Users\Shubh\Desktop\OMS\backend\node_modules\mongodb\lib\operations\execute_operation.js:148:18)
    at async executeOperation (C:\Users\Shubh\Desktop\OMS\backend\node_modules\mongodb\lib\operations\execute_operation.js:78:16)
    at async FindCursor._initialize (C:\Users\Shubh\Desktop\OMS\backend\node_modules\mongodb\lib\cursor\find_cursor.js:62:26)
    at async FindCursor.cursorInit (C:\Users\Shubh\Desktop\OMS\backend\node_modules\mongodb\lib\cursor\abstract_cursor.js:632:27)
    at async FindCursor.fetchBatch (C:\Users\Shubh\Desktop\OMS\backend\node_modules\mongodb\lib\cursor\abstract_cursor.js:666:13)
    at async FindCursor.next (C:\Users\Shubh\Desktop\OMS\backend\node_modules\mongodb\lib\cursor\abstract_cursor.js:342:17)
    at async Collection.findOne (C:\Users\Shubh\Desktop\OMS\backend\node_modules\mongodb\lib\collection.js:313:24)
    at async model.Query._findOne (C:\Users\Shubh\Desktop\OMS\backend\node_modules\mongoose\lib\query.js:2710:15)
    at async model.Query.exec (C:\Users\Shubh\Desktop\OMS\backend\node_modules\mongoose\lib\query.js:4627:63)
Body: {}

[2026-07-17T07:24:34.426Z] GET /api/v1/projects
Error: getaddrinfo ENOTFOUND ac-4yhspek-shard-00-01.1meot8l.mongodb.net
Stack: MongoServerSelectionError: getaddrinfo ENOTFOUND ac-4yhspek-shard-00-01.1meot8l.mongodb.net
    at Topology.selectServer (C:\Users\Shubh\Desktop\OMS\backend\node_modules\mongodb\lib\sdam\topology.js:327:38)
    at async tryOperation (C:\Users\Shubh\Desktop\OMS\backend\node_modules\mongodb\lib\operations\execute_operation.js:148:18)
    at async executeOperation (C:\Users\Shubh\Desktop\OMS\backend\node_modules\mongodb\lib\operations\execute_operation.js:78:16)
    at async FindCursor._initialize (C:\Users\Shubh\Desktop\OMS\backend\node_modules\mongodb\lib\cursor\find_cursor.js:62:26)
    at async FindCursor.cursorInit (C:\Users\Shubh\Desktop\OMS\backend\node_modules\mongodb\lib\cursor\abstract_cursor.js:632:27)
    at async FindCursor.fetchBatch (C:\Users\Shubh\Desktop\OMS\backend\node_modules\mongodb\lib\cursor\abstract_cursor.js:666:13)
    at async FindCursor.next (C:\Users\Shubh\Desktop\OMS\backend\node_modules\mongodb\lib\cursor\abstract_cursor.js:342:17)
    at async Collection.findOne (C:\Users\Shubh\Desktop\OMS\backend\node_modules\mongodb\lib\collection.js:313:24)
    at async model.Query._findOne (C:\Users\Shubh\Desktop\OMS\backend\node_modules\mongoose\lib\query.js:2710:15)
    at async model.Query.exec (C:\Users\Shubh\Desktop\OMS\backend\node_modules\mongoose\lib\query.js:4627:63)
Body: {}

[2026-07-17T07:24:34.442Z] GET /api/v1/attendance-corrections
Error: getaddrinfo ENOTFOUND ac-4yhspek-shard-00-01.1meot8l.mongodb.net
Stack: MongoServerSelectionError: getaddrinfo ENOTFOUND ac-4yhspek-shard-00-01.1meot8l.mongodb.net
    at Topology.selectServer (C:\Users\Shubh\Desktop\OMS\backend\node_modules\mongodb\lib\sdam\topology.js:327:38)
    at async tryOperation (C:\Users\Shubh\Desktop\OMS\backend\node_modules\mongodb\lib\operations\execute_operation.js:148:18)
    at async executeOperation (C:\Users\Shubh\Desktop\OMS\backend\node_modules\mongodb\lib\operations\execute_operation.js:78:16)
    at async FindCursor._initialize (C:\Users\Shubh\Desktop\OMS\backend\node_modules\mongodb\lib\cursor\find_cursor.js:62:26)
    at async FindCursor.cursorInit (C:\Users\Shubh\Desktop\OMS\backend\node_modules\mongodb\lib\cursor\abstract_cursor.js:632:27)
    at async FindCursor.fetchBatch (C:\Users\Shubh\Desktop\OMS\backend\node_modules\mongodb\lib\cursor\abstract_cursor.js:666:13)
    at async FindCursor.next (C:\Users\Shubh\Desktop\OMS\backend\node_modules\mongodb\lib\cursor\abstract_cursor.js:342:17)
    at async Collection.findOne (C:\Users\Shubh\Desktop\OMS\backend\node_modules\mongodb\lib\collection.js:313:24)
    at async model.Query._findOne (C:\Users\Shubh\Desktop\OMS\backend\node_modules\mongoose\lib\query.js:2710:15)
    at async model.Query.exec (C:\Users\Shubh\Desktop\OMS\backend\node_modules\mongoose\lib\query.js:4627:63)
Body: {}

[2026-07-17T08:29:43.296Z] POST /api/v1/payroll-queries/GATECO-PAYR-008/action
Error: Notification validation failed: type: `payroll` is not a valid enum value for path `type`.
Stack: ValidationError: Notification validation failed: type: `payroll` is not a valid enum value for path `type`.
    at Document.invalidate (C:\Users\Shubh\Desktop\OMS\backend\node_modules\mongoose\lib\document.js:3381:32)
    at C:\Users\Shubh\Desktop\OMS\backend\node_modules\mongoose\lib\document.js:3142:17
    at C:\Users\Shubh\Desktop\OMS\backend\node_modules\mongoose\lib\schemaType.js:1443:9
    at process.processTicksAndRejections (node:internal/process/task_queues:85:11)
Body: {"action":"Rejected","comments":"Dispute ticket rejected after review of logs"}

[2026-07-17T08:29:46.759Z] POST /api/v1/payroll-queries/GATECO-PAYR-008/action
Error: Notification validation failed: type: `payroll` is not a valid enum value for path `type`.
Stack: ValidationError: Notification validation failed: type: `payroll` is not a valid enum value for path `type`.
    at Document.invalidate (C:\Users\Shubh\Desktop\OMS\backend\node_modules\mongoose\lib\document.js:3381:32)
    at C:\Users\Shubh\Desktop\OMS\backend\node_modules\mongoose\lib\document.js:3142:17
    at C:\Users\Shubh\Desktop\OMS\backend\node_modules\mongoose\lib\schemaType.js:1443:9
    at process.processTicksAndRejections (node:internal/process/task_queues:85:11)
Body: {"action":"Rejected","comments":"Dispute ticket rejected after review of logs"}

[2026-07-17T08:29:47.498Z] POST /api/v1/payroll-queries/GATECO-PAYR-008/action
Error: Notification validation failed: type: `payroll` is not a valid enum value for path `type`.
Stack: ValidationError: Notification validation failed: type: `payroll` is not a valid enum value for path `type`.
    at Document.invalidate (C:\Users\Shubh\Desktop\OMS\backend\node_modules\mongoose\lib\document.js:3381:32)
    at C:\Users\Shubh\Desktop\OMS\backend\node_modules\mongoose\lib\document.js:3142:17
    at C:\Users\Shubh\Desktop\OMS\backend\node_modules\mongoose\lib\schemaType.js:1443:9
    at process.processTicksAndRejections (node:internal/process/task_queues:85:11)
Body: {"action":"Rejected","comments":"Dispute ticket rejected after review of logs"}

[2026-07-17T08:29:48.071Z] POST /api/v1/payroll-queries/GATECO-PAYR-008/action
Error: Notification validation failed: type: `payroll` is not a valid enum value for path `type`.
Stack: ValidationError: Notification validation failed: type: `payroll` is not a valid enum value for path `type`.
    at Document.invalidate (C:\Users\Shubh\Desktop\OMS\backend\node_modules\mongoose\lib\document.js:3381:32)
    at C:\Users\Shubh\Desktop\OMS\backend\node_modules\mongoose\lib\document.js:3142:17
    at C:\Users\Shubh\Desktop\OMS\backend\node_modules\mongoose\lib\schemaType.js:1443:9
    at process.processTicksAndRejections (node:internal/process/task_queues:85:11)
Body: {"action":"Rejected","comments":"Dispute ticket rejected after review of logs"}

[2026-07-17T08:29:48.457Z] POST /api/v1/payroll-queries/GATECO-PAYR-008/action
Error: Notification validation failed: type: `payroll` is not a valid enum value for path `type`.
Stack: ValidationError: Notification validation failed: type: `payroll` is not a valid enum value for path `type`.
    at Document.invalidate (C:\Users\Shubh\Desktop\OMS\backend\node_modules\mongoose\lib\document.js:3381:32)
    at C:\Users\Shubh\Desktop\OMS\backend\node_modules\mongoose\lib\document.js:3142:17
    at C:\Users\Shubh\Desktop\OMS\backend\node_modules\mongoose\lib\schemaType.js:1443:9
    at process.processTicksAndRejections (node:internal/process/task_queues:85:11)
Body: {"action":"Rejected","comments":"Dispute ticket rejected after review of logs"}

[2026-07-17T08:29:48.550Z] POST /api/v1/payroll-queries/GATECO-PAYR-008/action
Error: Notification validation failed: type: `payroll` is not a valid enum value for path `type`.
Stack: ValidationError: Notification validation failed: type: `payroll` is not a valid enum value for path `type`.
    at Document.invalidate (C:\Users\Shubh\Desktop\OMS\backend\node_modules\mongoose\lib\document.js:3381:32)
    at C:\Users\Shubh\Desktop\OMS\backend\node_modules\mongoose\lib\document.js:3142:17
    at C:\Users\Shubh\Desktop\OMS\backend\node_modules\mongoose\lib\schemaType.js:1443:9
    at process.processTicksAndRejections (node:internal/process/task_queues:85:11)
Body: {"action":"Rejected","comments":"Dispute ticket rejected after review of logs"}

[2026-07-17T08:29:48.681Z] POST /api/v1/payroll-queries/GATECO-PAYR-008/action
Error: Notification validation failed: type: `payroll` is not a valid enum value for path `type`.
Stack: ValidationError: Notification validation failed: type: `payroll` is not a valid enum value for path `type`.
    at Document.invalidate (C:\Users\Shubh\Desktop\OMS\backend\node_modules\mongoose\lib\document.js:3381:32)
    at C:\Users\Shubh\Desktop\OMS\backend\node_modules\mongoose\lib\document.js:3142:17
    at C:\Users\Shubh\Desktop\OMS\backend\node_modules\mongoose\lib\schemaType.js:1443:9
    at process.processTicksAndRejections (node:internal/process/task_queues:85:11)
Body: {"action":"Rejected","comments":"Dispute ticket rejected after review of logs"}

[2026-07-17T08:30:51.280Z] POST /api/v1/payroll-queries/GATECO-PAYR-007/action
Error: Notification validation failed: type: `payroll` is not a valid enum value for path `type`.
Stack: ValidationError: Notification validation failed: type: `payroll` is not a valid enum value for path `type`.
    at Document.invalidate (C:\Users\Shubh\Desktop\OMS\backend\node_modules\mongoose\lib\document.js:3381:32)
    at C:\Users\Shubh\Desktop\OMS\backend\node_modules\mongoose\lib\document.js:3142:17
    at C:\Users\Shubh\Desktop\OMS\backend\node_modules\mongoose\lib\schemaType.js:1443:9
    at process.processTicksAndRejections (node:internal/process/task_queues:85:11)
Body: {"action":"Rejected","comments":"Dispute ticket rejected after review of logs"}

[2026-07-17T08:32:36.922Z] POST /api/v1/payroll-queries/GATECO-PAYR-007/action
Error: Notification validation failed: type: `payroll` is not a valid enum value for path `type`.
Stack: ValidationError: Notification validation failed: type: `payroll` is not a valid enum value for path `type`.
    at Document.invalidate (C:\Users\Shubh\Desktop\OMS\backend\node_modules\mongoose\lib\document.js:3381:32)
    at C:\Users\Shubh\Desktop\OMS\backend\node_modules\mongoose\lib\document.js:3142:17
    at C:\Users\Shubh\Desktop\OMS\backend\node_modules\mongoose\lib\schemaType.js:1443:9
    at process.processTicksAndRejections (node:internal/process/task_queues:85:11)
Body: {"action":"Rejected","comments":"Dispute ticket rejected after review of logs"}

[2026-07-17T08:32:38.929Z] POST /api/v1/payroll-queries/GATECO-PAYR-007/action
Error: Notification validation failed: type: `payroll` is not a valid enum value for path `type`.
Stack: ValidationError: Notification validation failed: type: `payroll` is not a valid enum value for path `type`.
    at Document.invalidate (C:\Users\Shubh\Desktop\OMS\backend\node_modules\mongoose\lib\document.js:3381:32)
    at C:\Users\Shubh\Desktop\OMS\backend\node_modules\mongoose\lib\document.js:3142:17
    at C:\Users\Shubh\Desktop\OMS\backend\node_modules\mongoose\lib\schemaType.js:1443:9
    at process.processTicksAndRejections (node:internal/process/task_queues:85:11)
Body: {"action":"Rejected","comments":"Dispute ticket rejected after review of logs"}

[2026-07-17T09:46:31.542Z] GET /api/v1/payroll/all
Error: mongoose is not defined
Stack: ReferenceError: mongoose is not defined
    at fetchFreshData (file:///C:/Users/Shubh/Desktop/OMS/backend/src/modules/payroll/payroll.repository.js:158:28)
    at process.processTicksAndRejections (node:internal/process/task_queues:104:5)
    at async cacheGetOrSet (file:///C:/Users/Shubh/Desktop/OMS/backend/src/services/cache.service.js:182:21)
    at async Object.getMasterPayrollData (file:///C:/Users/Shubh/Desktop/OMS/backend/src/modules/payroll/payroll.service.js:42:14)
    at async file:///C:/Users/Shubh/Desktop/OMS/backend/src/modules/payroll/payroll.controller.js:11:16
Body: {}

[2026-07-17T09:46:31.563Z] GET /api/v1/payroll/all
Error: mongoose is not defined
Stack: ReferenceError: mongoose is not defined
    at fetchFreshData (file:///C:/Users/Shubh/Desktop/OMS/backend/src/modules/payroll/payroll.repository.js:158:28)
    at process.processTicksAndRejections (node:internal/process/task_queues:104:5)
    at async cacheGetOrSet (file:///C:/Users/Shubh/Desktop/OMS/backend/src/services/cache.service.js:182:21)
    at async Object.getMasterPayrollData (file:///C:/Users/Shubh/Desktop/OMS/backend/src/modules/payroll/payroll.service.js:42:14)
    at async file:///C:/Users/Shubh/Desktop/OMS/backend/src/modules/payroll/payroll.controller.js:11:16
Body: {}

[2026-07-17T09:46:37.189Z] GET /api/v1/payroll/all
Error: mongoose is not defined
Stack: ReferenceError: mongoose is not defined
    at fetchFreshData (file:///C:/Users/Shubh/Desktop/OMS/backend/src/modules/payroll/payroll.repository.js:158:28)
    at process.processTicksAndRejections (node:internal/process/task_queues:104:5)
    at async cacheGetOrSet (file:///C:/Users/Shubh/Desktop/OMS/backend/src/services/cache.service.js:182:21)
    at async Object.getMasterPayrollData (file:///C:/Users/Shubh/Desktop/OMS/backend/src/modules/payroll/payroll.service.js:42:14)
    at async file:///C:/Users/Shubh/Desktop/OMS/backend/src/modules/payroll/payroll.controller.js:11:16
Body: {}

[2026-07-17T09:46:37.411Z] GET /api/v1/payroll/all
Error: mongoose is not defined
Stack: ReferenceError: mongoose is not defined
    at fetchFreshData (file:///C:/Users/Shubh/Desktop/OMS/backend/src/modules/payroll/payroll.repository.js:158:28)
    at process.processTicksAndRejections (node:internal/process/task_queues:104:5)
    at async cacheGetOrSet (file:///C:/Users/Shubh/Desktop/OMS/backend/src/services/cache.service.js:182:21)
    at async Object.getMasterPayrollData (file:///C:/Users/Shubh/Desktop/OMS/backend/src/modules/payroll/payroll.service.js:42:14)
    at async file:///C:/Users/Shubh/Desktop/OMS/backend/src/modules/payroll/payroll.controller.js:11:16
Body: {}

[2026-07-17T09:46:39.591Z] GET /api/v1/payroll/all
Error: mongoose is not defined
Stack: ReferenceError: mongoose is not defined
    at fetchFreshData (file:///C:/Users/Shubh/Desktop/OMS/backend/src/modules/payroll/payroll.repository.js:158:28)
    at process.processTicksAndRejections (node:internal/process/task_queues:104:5)
    at async cacheGetOrSet (file:///C:/Users/Shubh/Desktop/OMS/backend/src/services/cache.service.js:182:21)
    at async Object.getMasterPayrollData (file:///C:/Users/Shubh/Desktop/OMS/backend/src/modules/payroll/payroll.service.js:42:14)
    at async file:///C:/Users/Shubh/Desktop/OMS/backend/src/modules/payroll/payroll.controller.js:11:16
Body: {}

[2026-07-17T09:46:39.721Z] GET /api/v1/payroll/all
Error: mongoose is not defined
Stack: ReferenceError: mongoose is not defined
    at fetchFreshData (file:///C:/Users/Shubh/Desktop/OMS/backend/src/modules/payroll/payroll.repository.js:158:28)
    at process.processTicksAndRejections (node:internal/process/task_queues:104:5)
    at async cacheGetOrSet (file:///C:/Users/Shubh/Desktop/OMS/backend/src/services/cache.service.js:182:21)
    at async Object.getMasterPayrollData (file:///C:/Users/Shubh/Desktop/OMS/backend/src/modules/payroll/payroll.service.js:42:14)
    at async file:///C:/Users/Shubh/Desktop/OMS/backend/src/modules/payroll/payroll.controller.js:11:16
Body: {}

[2026-07-17T09:46:40.600Z] GET /api/v1/payroll/all
Error: mongoose is not defined
Stack: ReferenceError: mongoose is not defined
    at fetchFreshData (file:///C:/Users/Shubh/Desktop/OMS/backend/src/modules/payroll/payroll.repository.js:158:28)
    at process.processTicksAndRejections (node:internal/process/task_queues:104:5)
    at async cacheGetOrSet (file:///C:/Users/Shubh/Desktop/OMS/backend/src/services/cache.service.js:182:21)
    at async Object.getMasterPayrollData (file:///C:/Users/Shubh/Desktop/OMS/backend/src/modules/payroll/payroll.service.js:42:14)
    at async file:///C:/Users/Shubh/Desktop/OMS/backend/src/modules/payroll/payroll.controller.js:11:16
Body: {}

[2026-07-17T09:46:40.904Z] GET /api/v1/payroll/all
Error: mongoose is not defined
Stack: ReferenceError: mongoose is not defined
    at fetchFreshData (file:///C:/Users/Shubh/Desktop/OMS/backend/src/modules/payroll/payroll.repository.js:158:28)
    at process.processTicksAndRejections (node:internal/process/task_queues:104:5)
    at async cacheGetOrSet (file:///C:/Users/Shubh/Desktop/OMS/backend/src/services/cache.service.js:182:21)
    at async Object.getMasterPayrollData (file:///C:/Users/Shubh/Desktop/OMS/backend/src/modules/payroll/payroll.service.js:42:14)
    at async file:///C:/Users/Shubh/Desktop/OMS/backend/src/modules/payroll/payroll.controller.js:11:16
Body: {}

[2026-07-17T09:46:41.052Z] GET /api/v1/payroll/all
Error: mongoose is not defined
Stack: ReferenceError: mongoose is not defined
    at fetchFreshData (file:///C:/Users/Shubh/Desktop/OMS/backend/src/modules/payroll/payroll.repository.js:158:28)
    at process.processTicksAndRejections (node:internal/process/task_queues:104:5)
    at async cacheGetOrSet (file:///C:/Users/Shubh/Desktop/OMS/backend/src/services/cache.service.js:182:21)
    at async Object.getMasterPayrollData (file:///C:/Users/Shubh/Desktop/OMS/backend/src/modules/payroll/payroll.service.js:42:14)
    at async file:///C:/Users/Shubh/Desktop/OMS/backend/src/modules/payroll/payroll.controller.js:11:16
Body: {}

[2026-07-17T09:46:41.174Z] GET /api/v1/payroll/all
Error: mongoose is not defined
Stack: ReferenceError: mongoose is not defined
    at fetchFreshData (file:///C:/Users/Shubh/Desktop/OMS/backend/src/modules/payroll/payroll.repository.js:158:28)
    at process.processTicksAndRejections (node:internal/process/task_queues:104:5)
    at async cacheGetOrSet (file:///C:/Users/Shubh/Desktop/OMS/backend/src/services/cache.service.js:182:21)
    at async Object.getMasterPayrollData (file:///C:/Users/Shubh/Desktop/OMS/backend/src/modules/payroll/payroll.service.js:42:14)
    at async file:///C:/Users/Shubh/Desktop/OMS/backend/src/modules/payroll/payroll.controller.js:11:16
Body: {}

[2026-07-17T09:46:41.371Z] GET /api/v1/payroll/all
Error: mongoose is not defined
Stack: ReferenceError: mongoose is not defined
    at fetchFreshData (file:///C:/Users/Shubh/Desktop/OMS/backend/src/modules/payroll/payroll.repository.js:158:28)
    at process.processTicksAndRejections (node:internal/process/task_queues:104:5)
    at async cacheGetOrSet (file:///C:/Users/Shubh/Desktop/OMS/backend/src/services/cache.service.js:182:21)
    at async Object.getMasterPayrollData (file:///C:/Users/Shubh/Desktop/OMS/backend/src/modules/payroll/payroll.service.js:42:14)
    at async file:///C:/Users/Shubh/Desktop/OMS/backend/src/modules/payroll/payroll.controller.js:11:16
Body: {}

[2026-07-17T09:46:41.537Z] GET /api/v1/payroll/all
Error: mongoose is not defined
Stack: ReferenceError: mongoose is not defined
    at fetchFreshData (file:///C:/Users/Shubh/Desktop/OMS/backend/src/modules/payroll/payroll.repository.js:158:28)
    at process.processTicksAndRejections (node:internal/process/task_queues:104:5)
    at async cacheGetOrSet (file:///C:/Users/Shubh/Desktop/OMS/backend/src/services/cache.service.js:182:21)
    at async Object.getMasterPayrollData (file:///C:/Users/Shubh/Desktop/OMS/backend/src/modules/payroll/payroll.service.js:42:14)
    at async file:///C:/Users/Shubh/Desktop/OMS/backend/src/modules/payroll/payroll.controller.js:11:16
Body: {}

[2026-07-17T09:46:41.859Z] GET /api/v1/payroll/all
Error: mongoose is not defined
Stack: ReferenceError: mongoose is not defined
    at fetchFreshData (file:///C:/Users/Shubh/Desktop/OMS/backend/src/modules/payroll/payroll.repository.js:158:28)
    at process.processTicksAndRejections (node:internal/process/task_queues:104:5)
    at async cacheGetOrSet (file:///C:/Users/Shubh/Desktop/OMS/backend/src/services/cache.service.js:182:21)
    at async Object.getMasterPayrollData (file:///C:/Users/Shubh/Desktop/OMS/backend/src/modules/payroll/payroll.service.js:42:14)
    at async file:///C:/Users/Shubh/Desktop/OMS/backend/src/modules/payroll/payroll.controller.js:11:16
Body: {}

[2026-07-17T09:46:41.894Z] GET /api/v1/payroll/all
Error: mongoose is not defined
Stack: ReferenceError: mongoose is not defined
    at fetchFreshData (file:///C:/Users/Shubh/Desktop/OMS/backend/src/modules/payroll/payroll.repository.js:158:28)
    at process.processTicksAndRejections (node:internal/process/task_queues:104:5)
    at async cacheGetOrSet (file:///C:/Users/Shubh/Desktop/OMS/backend/src/services/cache.service.js:182:21)
    at async Object.getMasterPayrollData (file:///C:/Users/Shubh/Desktop/OMS/backend/src/modules/payroll/payroll.service.js:42:14)
    at async file:///C:/Users/Shubh/Desktop/OMS/backend/src/modules/payroll/payroll.controller.js:11:16
Body: {}

[2026-07-17T09:47:34.163Z] GET /api/v1/payroll/all
Error: mongoose is not defined
Stack: ReferenceError: mongoose is not defined
    at fetchFreshData (file:///C:/Users/Shubh/Desktop/OMS/backend/src/modules/payroll/payroll.repository.js:158:28)
    at process.processTicksAndRejections (node:internal/process/task_queues:104:5)
    at async cacheGetOrSet (file:///C:/Users/Shubh/Desktop/OMS/backend/src/services/cache.service.js:182:21)
    at async Object.getMasterPayrollData (file:///C:/Users/Shubh/Desktop/OMS/backend/src/modules/payroll/payroll.service.js:42:14)
    at async file:///C:/Users/Shubh/Desktop/OMS/backend/src/modules/payroll/payroll.controller.js:11:16
Body: {}

[2026-07-17T09:47:35.010Z] GET /api/v1/payroll/all
Error: mongoose is not defined
Stack: ReferenceError: mongoose is not defined
    at fetchFreshData (file:///C:/Users/Shubh/Desktop/OMS/backend/src/modules/payroll/payroll.repository.js:158:28)
    at process.processTicksAndRejections (node:internal/process/task_queues:104:5)
    at async cacheGetOrSet (file:///C:/Users/Shubh/Desktop/OMS/backend/src/services/cache.service.js:182:21)
    at async Object.getMasterPayrollData (file:///C:/Users/Shubh/Desktop/OMS/backend/src/modules/payroll/payroll.service.js:42:14)
    at async file:///C:/Users/Shubh/Desktop/OMS/backend/src/modules/payroll/payroll.controller.js:11:16
Body: {}

[2026-07-17T09:47:35.196Z] GET /api/v1/payroll/all
Error: mongoose is not defined
Stack: ReferenceError: mongoose is not defined
    at fetchFreshData (file:///C:/Users/Shubh/Desktop/OMS/backend/src/modules/payroll/payroll.repository.js:158:28)
    at process.processTicksAndRejections (node:internal/process/task_queues:104:5)
    at async cacheGetOrSet (file:///C:/Users/Shubh/Desktop/OMS/backend/src/services/cache.service.js:182:21)
    at async Object.getMasterPayrollData (file:///C:/Users/Shubh/Desktop/OMS/backend/src/modules/payroll/payroll.service.js:42:14)
    at async file:///C:/Users/Shubh/Desktop/OMS/backend/src/modules/payroll/payroll.controller.js:11:16
Body: {}

[2026-07-17T09:47:35.691Z] GET /api/v1/payroll/all
Error: mongoose is not defined
Stack: ReferenceError: mongoose is not defined
    at fetchFreshData (file:///C:/Users/Shubh/Desktop/OMS/backend/src/modules/payroll/payroll.repository.js:158:28)
    at process.processTicksAndRejections (node:internal/process/task_queues:104:5)
    at async cacheGetOrSet (file:///C:/Users/Shubh/Desktop/OMS/backend/src/services/cache.service.js:182:21)
    at async Object.getMasterPayrollData (file:///C:/Users/Shubh/Desktop/OMS/backend/src/modules/payroll/payroll.service.js:42:14)
    at async file:///C:/Users/Shubh/Desktop/OMS/backend/src/modules/payroll/payroll.controller.js:11:16
Body: {}

[2026-07-17T09:50:13.828Z] GET /api/v1/payroll/all
Error: mongoose is not defined
Stack: ReferenceError: mongoose is not defined
    at fetchFreshData (file:///C:/Users/Shubh/Desktop/OMS/backend/src/modules/payroll/payroll.repository.js:158:28)
    at process.processTicksAndRejections (node:internal/process/task_queues:104:5)
    at async cacheGetOrSet (file:///C:/Users/Shubh/Desktop/OMS/backend/src/services/cache.service.js:182:21)
    at async Object.getMasterPayrollData (file:///C:/Users/Shubh/Desktop/OMS/backend/src/modules/payroll/payroll.service.js:42:14)
    at async file:///C:/Users/Shubh/Desktop/OMS/backend/src/modules/payroll/payroll.controller.js:11:16
Body: {}

[2026-07-17T09:50:14.280Z] GET /api/v1/payroll/all
Error: mongoose is not defined
Stack: ReferenceError: mongoose is not defined
    at fetchFreshData (file:///C:/Users/Shubh/Desktop/OMS/backend/src/modules/payroll/payroll.repository.js:158:28)
    at process.processTicksAndRejections (node:internal/process/task_queues:104:5)
    at async cacheGetOrSet (file:///C:/Users/Shubh/Desktop/OMS/backend/src/services/cache.service.js:182:21)
    at async Object.getMasterPayrollData (file:///C:/Users/Shubh/Desktop/OMS/backend/src/modules/payroll/payroll.service.js:42:14)
    at async file:///C:/Users/Shubh/Desktop/OMS/backend/src/modules/payroll/payroll.controller.js:11:16
Body: {}

[2026-07-17T09:50:14.608Z] GET /api/v1/payroll/all
Error: mongoose is not defined
Stack: ReferenceError: mongoose is not defined
    at fetchFreshData (file:///C:/Users/Shubh/Desktop/OMS/backend/src/modules/payroll/payroll.repository.js:158:28)
    at process.processTicksAndRejections (node:internal/process/task_queues:104:5)
    at async cacheGetOrSet (file:///C:/Users/Shubh/Desktop/OMS/backend/src/services/cache.service.js:182:21)
    at async Object.getMasterPayrollData (file:///C:/Users/Shubh/Desktop/OMS/backend/src/modules/payroll/payroll.service.js:42:14)
    at async file:///C:/Users/Shubh/Desktop/OMS/backend/src/modules/payroll/payroll.controller.js:11:16
Body: {}

[2026-07-17T09:50:14.933Z] GET /api/v1/payroll/all
Error: mongoose is not defined
Stack: ReferenceError: mongoose is not defined
    at fetchFreshData (file:///C:/Users/Shubh/Desktop/OMS/backend/src/modules/payroll/payroll.repository.js:158:28)
    at process.processTicksAndRejections (node:internal/process/task_queues:104:5)
    at async cacheGetOrSet (file:///C:/Users/Shubh/Desktop/OMS/backend/src/services/cache.service.js:182:21)
    at async Object.getMasterPayrollData (file:///C:/Users/Shubh/Desktop/OMS/backend/src/modules/payroll/payroll.service.js:42:14)
    at async file:///C:/Users/Shubh/Desktop/OMS/backend/src/modules/payroll/payroll.controller.js:11:16
Body: {}

[2026-07-17T09:55:48.052Z] GET /api/v1/payroll/all
Error: mongoose is not defined
Stack: ReferenceError: mongoose is not defined
    at fetchFreshData (file:///C:/Users/Shubh/Desktop/OMS/backend/src/modules/payroll/payroll.repository.js:158:28)
    at process.processTicksAndRejections (node:internal/process/task_queues:104:5)
    at async cacheGetOrSet (file:///C:/Users/Shubh/Desktop/OMS/backend/src/services/cache.service.js:182:21)
    at async Object.getMasterPayrollData (file:///C:/Users/Shubh/Desktop/OMS/backend/src/modules/payroll/payroll.service.js:42:14)
    at async file:///C:/Users/Shubh/Desktop/OMS/backend/src/modules/payroll/payroll.controller.js:11:16
Body: {}

[2026-07-17T09:55:56.788Z] GET /api/v1/payroll/all
Error: mongoose is not defined
Stack: ReferenceError: mongoose is not defined
    at fetchFreshData (file:///C:/Users/Shubh/Desktop/OMS/backend/src/modules/payroll/payroll.repository.js:158:28)
    at process.processTicksAndRejections (node:internal/process/task_queues:104:5)
    at async cacheGetOrSet (file:///C:/Users/Shubh/Desktop/OMS/backend/src/services/cache.service.js:182:21)
    at async Object.getMasterPayrollData (file:///C:/Users/Shubh/Desktop/OMS/backend/src/modules/payroll/payroll.service.js:42:14)
    at async file:///C:/Users/Shubh/Desktop/OMS/backend/src/modules/payroll/payroll.controller.js:11:16
Body: {}

[2026-07-17T09:55:58.054Z] GET /api/v1/payroll/all
Error: mongoose is not defined
Stack: ReferenceError: mongoose is not defined
    at fetchFreshData (file:///C:/Users/Shubh/Desktop/OMS/backend/src/modules/payroll/payroll.repository.js:158:28)
    at process.processTicksAndRejections (node:internal/process/task_queues:104:5)
    at async cacheGetOrSet (file:///C:/Users/Shubh/Desktop/OMS/backend/src/services/cache.service.js:182:21)
    at async Object.getMasterPayrollData (file:///C:/Users/Shubh/Desktop/OMS/backend/src/modules/payroll/payroll.service.js:42:14)
    at async file:///C:/Users/Shubh/Desktop/OMS/backend/src/modules/payroll/payroll.controller.js:11:16
Body: {}

[2026-07-17T09:55:59.329Z] GET /api/v1/payroll/all
Error: mongoose is not defined
Stack: ReferenceError: mongoose is not defined
    at fetchFreshData (file:///C:/Users/Shubh/Desktop/OMS/backend/src/modules/payroll/payroll.repository.js:158:28)
    at process.processTicksAndRejections (node:internal/process/task_queues:104:5)
    at async cacheGetOrSet (file:///C:/Users/Shubh/Desktop/OMS/backend/src/services/cache.service.js:182:21)
    at async Object.getMasterPayrollData (file:///C:/Users/Shubh/Desktop/OMS/backend/src/modules/payroll/payroll.service.js:42:14)
    at async file:///C:/Users/Shubh/Desktop/OMS/backend/src/modules/payroll/payroll.controller.js:11:16
Body: {}

[2026-07-17T09:55:59.972Z] GET /api/v1/payroll/all
Error: mongoose is not defined
Stack: ReferenceError: mongoose is not defined
    at fetchFreshData (file:///C:/Users/Shubh/Desktop/OMS/backend/src/modules/payroll/payroll.repository.js:158:28)
    at process.processTicksAndRejections (node:internal/process/task_queues:104:5)
    at async cacheGetOrSet (file:///C:/Users/Shubh/Desktop/OMS/backend/src/services/cache.service.js:182:21)
    at async Object.getMasterPayrollData (file:///C:/Users/Shubh/Desktop/OMS/backend/src/modules/payroll/payroll.service.js:42:14)
    at async file:///C:/Users/Shubh/Desktop/OMS/backend/src/modules/payroll/payroll.controller.js:11:16
Body: {}

[2026-07-17T09:56:00.375Z] GET /api/v1/payroll/all
Error: mongoose is not defined
Stack: ReferenceError: mongoose is not defined
    at fetchFreshData (file:///C:/Users/Shubh/Desktop/OMS/backend/src/modules/payroll/payroll.repository.js:158:28)
    at process.processTicksAndRejections (node:internal/process/task_queues:104:5)
    at async cacheGetOrSet (file:///C:/Users/Shubh/Desktop/OMS/backend/src/services/cache.service.js:182:21)
    at async Object.getMasterPayrollData (file:///C:/Users/Shubh/Desktop/OMS/backend/src/modules/payroll/payroll.service.js:42:14)
    at async file:///C:/Users/Shubh/Desktop/OMS/backend/src/modules/payroll/payroll.controller.js:11:16
Body: {}

[2026-07-17T09:58:13.347Z] GET /api/v1/payroll/all
Error: mongoose is not defined
Stack: ReferenceError: mongoose is not defined
    at fetchFreshData (file:///C:/Users/Shubh/Desktop/OMS/backend/src/modules/payroll/payroll.repository.js:158:28)
    at process.processTicksAndRejections (node:internal/process/task_queues:104:5)
    at async cacheGetOrSet (file:///C:/Users/Shubh/Desktop/OMS/backend/src/services/cache.service.js:182:21)
    at async Object.getMasterPayrollData (file:///C:/Users/Shubh/Desktop/OMS/backend/src/modules/payroll/payroll.service.js:42:14)
    at async file:///C:/Users/Shubh/Desktop/OMS/backend/src/modules/payroll/payroll.controller.js:11:16
Body: {}

[2026-07-17T09:58:16.625Z] GET /api/v1/payroll/all
Error: mongoose is not defined
Stack: ReferenceError: mongoose is not defined
    at fetchFreshData (file:///C:/Users/Shubh/Desktop/OMS/backend/src/modules/payroll/payroll.repository.js:158:28)
    at process.processTicksAndRejections (node:internal/process/task_queues:104:5)
    at async cacheGetOrSet (file:///C:/Users/Shubh/Desktop/OMS/backend/src/services/cache.service.js:182:21)
    at async Object.getMasterPayrollData (file:///C:/Users/Shubh/Desktop/OMS/backend/src/modules/payroll/payroll.service.js:42:14)
    at async file:///C:/Users/Shubh/Desktop/OMS/backend/src/modules/payroll/payroll.controller.js:11:16
Body: {}

[2026-07-17T09:58:17.403Z] GET /api/v1/payroll/all
Error: mongoose is not defined
Stack: ReferenceError: mongoose is not defined
    at fetchFreshData (file:///C:/Users/Shubh/Desktop/OMS/backend/src/modules/payroll/payroll.repository.js:158:28)
    at process.processTicksAndRejections (node:internal/process/task_queues:104:5)
    at async cacheGetOrSet (file:///C:/Users/Shubh/Desktop/OMS/backend/src/services/cache.service.js:182:21)
    at async Object.getMasterPayrollData (file:///C:/Users/Shubh/Desktop/OMS/backend/src/modules/payroll/payroll.service.js:42:14)
    at async file:///C:/Users/Shubh/Desktop/OMS/backend/src/modules/payroll/payroll.controller.js:11:16
Body: {}

[2026-07-17T09:58:17.803Z] GET /api/v1/payroll/all
Error: mongoose is not defined
Stack: ReferenceError: mongoose is not defined
    at fetchFreshData (file:///C:/Users/Shubh/Desktop/OMS/backend/src/modules/payroll/payroll.repository.js:158:28)
    at process.processTicksAndRejections (node:internal/process/task_queues:104:5)
    at async cacheGetOrSet (file:///C:/Users/Shubh/Desktop/OMS/backend/src/services/cache.service.js:182:21)
    at async Object.getMasterPayrollData (file:///C:/Users/Shubh/Desktop/OMS/backend/src/modules/payroll/payroll.service.js:42:14)
    at async file:///C:/Users/Shubh/Desktop/OMS/backend/src/modules/payroll/payroll.controller.js:11:16
Body: {}

[2026-07-17T09:58:18.098Z] GET /api/v1/payroll/all
Error: mongoose is not defined
Stack: ReferenceError: mongoose is not defined
    at fetchFreshData (file:///C:/Users/Shubh/Desktop/OMS/backend/src/modules/payroll/payroll.repository.js:158:28)
    at process.processTicksAndRejections (node:internal/process/task_queues:104:5)
    at async cacheGetOrSet (file:///C:/Users/Shubh/Desktop/OMS/backend/src/services/cache.service.js:182:21)
    at async Object.getMasterPayrollData (file:///C:/Users/Shubh/Desktop/OMS/backend/src/modules/payroll/payroll.service.js:42:14)
    at async file:///C:/Users/Shubh/Desktop/OMS/backend/src/modules/payroll/payroll.controller.js:11:16
Body: {}

[2026-07-17T09:58:18.458Z] GET /api/v1/payroll/all
Error: mongoose is not defined
Stack: ReferenceError: mongoose is not defined
    at fetchFreshData (file:///C:/Users/Shubh/Desktop/OMS/backend/src/modules/payroll/payroll.repository.js:158:28)
    at process.processTicksAndRejections (node:internal/process/task_queues:104:5)
    at async cacheGetOrSet (file:///C:/Users/Shubh/Desktop/OMS/backend/src/services/cache.service.js:182:21)
    at async Object.getMasterPayrollData (file:///C:/Users/Shubh/Desktop/OMS/backend/src/modules/payroll/payroll.service.js:42:14)
    at async file:///C:/Users/Shubh/Desktop/OMS/backend/src/modules/payroll/payroll.controller.js:11:16
Body: {}

[2026-07-17T10:10:42.751Z] GET /api/v1/payroll/all
Error: mongoose is not defined
Stack: ReferenceError: mongoose is not defined
    at fetchFreshData (file:///C:/Users/Shubh/Desktop/OMS/backend/src/modules/payroll/payroll.repository.js:158:28)
    at process.processTicksAndRejections (node:internal/process/task_queues:104:5)
    at async cacheGetOrSet (file:///C:/Users/Shubh/Desktop/OMS/backend/src/services/cache.service.js:182:21)
    at async Object.getMasterPayrollData (file:///C:/Users/Shubh/Desktop/OMS/backend/src/modules/payroll/payroll.service.js:42:14)
    at async file:///C:/Users/Shubh/Desktop/OMS/backend/src/modules/payroll/payroll.controller.js:11:16
Body: {}

[2026-07-17T10:10:44.229Z] GET /api/v1/payroll/all
Error: mongoose is not defined
Stack: ReferenceError: mongoose is not defined
    at fetchFreshData (file:///C:/Users/Shubh/Desktop/OMS/backend/src/modules/payroll/payroll.repository.js:158:28)
    at process.processTicksAndRejections (node:internal/process/task_queues:104:5)
    at async cacheGetOrSet (file:///C:/Users/Shubh/Desktop/OMS/backend/src/services/cache.service.js:182:21)
    at async Object.getMasterPayrollData (file:///C:/Users/Shubh/Desktop/OMS/backend/src/modules/payroll/payroll.service.js:42:14)
    at async file:///C:/Users/Shubh/Desktop/OMS/backend/src/modules/payroll/payroll.controller.js:11:16
Body: {}

[2026-07-17T10:10:45.015Z] GET /api/v1/payroll/all
Error: mongoose is not defined
Stack: ReferenceError: mongoose is not defined
    at fetchFreshData (file:///C:/Users/Shubh/Desktop/OMS/backend/src/modules/payroll/payroll.repository.js:158:28)
    at process.processTicksAndRejections (node:internal/process/task_queues:104:5)
    at async cacheGetOrSet (file:///C:/Users/Shubh/Desktop/OMS/backend/src/services/cache.service.js:182:21)
    at async Object.getMasterPayrollData (file:///C:/Users/Shubh/Desktop/OMS/backend/src/modules/payroll/payroll.service.js:42:14)
    at async file:///C:/Users/Shubh/Desktop/OMS/backend/src/modules/payroll/payroll.controller.js:11:16
Body: {}

[2026-07-17T10:10:45.317Z] GET /api/v1/payroll/all
Error: mongoose is not defined
Stack: ReferenceError: mongoose is not defined
    at fetchFreshData (file:///C:/Users/Shubh/Desktop/OMS/backend/src/modules/payroll/payroll.repository.js:158:28)
    at process.processTicksAndRejections (node:internal/process/task_queues:104:5)
    at async cacheGetOrSet (file:///C:/Users/Shubh/Desktop/OMS/backend/src/services/cache.service.js:182:21)
    at async Object.getMasterPayrollData (file:///C:/Users/Shubh/Desktop/OMS/backend/src/modules/payroll/payroll.service.js:42:14)
    at async file:///C:/Users/Shubh/Desktop/OMS/backend/src/modules/payroll/payroll.controller.js:11:16
Body: {}

[2026-07-17T10:10:45.568Z] GET /api/v1/payroll/all
Error: mongoose is not defined
Stack: ReferenceError: mongoose is not defined
    at fetchFreshData (file:///C:/Users/Shubh/Desktop/OMS/backend/src/modules/payroll/payroll.repository.js:158:28)
    at process.processTicksAndRejections (node:internal/process/task_queues:104:5)
    at async cacheGetOrSet (file:///C:/Users/Shubh/Desktop/OMS/backend/src/services/cache.service.js:182:21)
    at async Object.getMasterPayrollData (file:///C:/Users/Shubh/Desktop/OMS/backend/src/modules/payroll/payroll.service.js:42:14)
    at async file:///C:/Users/Shubh/Desktop/OMS/backend/src/modules/payroll/payroll.controller.js:11:16
Body: {}

[2026-07-17T10:10:45.786Z] GET /api/v1/payroll/all
Error: mongoose is not defined
Stack: ReferenceError: mongoose is not defined
    at fetchFreshData (file:///C:/Users/Shubh/Desktop/OMS/backend/src/modules/payroll/payroll.repository.js:158:28)
    at process.processTicksAndRejections (node:internal/process/task_queues:104:5)
    at async cacheGetOrSet (file:///C:/Users/Shubh/Desktop/OMS/backend/src/services/cache.service.js:182:21)
    at async Object.getMasterPayrollData (file:///C:/Users/Shubh/Desktop/OMS/backend/src/modules/payroll/payroll.service.js:42:14)
    at async file:///C:/Users/Shubh/Desktop/OMS/backend/src/modules/payroll/payroll.controller.js:11:16
Body: {}

[2026-07-17T10:20:26.942Z] GET /api/v1/payroll/all
Error: mongoose is not defined
Stack: ReferenceError: mongoose is not defined
    at fetchFreshData (file:///C:/Users/Shubh/Desktop/OMS/backend/src/modules/payroll/payroll.repository.js:158:28)
    at process.processTicksAndRejections (node:internal/process/task_queues:104:5)
    at async cacheGetOrSet (file:///C:/Users/Shubh/Desktop/OMS/backend/src/services/cache.service.js:182:21)
    at async Object.getMasterPayrollData (file:///C:/Users/Shubh/Desktop/OMS/backend/src/modules/payroll/payroll.service.js:42:14)
    at async file:///C:/Users/Shubh/Desktop/OMS/backend/src/modules/payroll/payroll.controller.js:11:16
Body: {}

[2026-07-17T10:50:57.235Z] GET /api/v1/payroll/all
Error: mongoose is not defined
Stack: ReferenceError: mongoose is not defined
    at fetchFreshData (file:///C:/Users/Shubh/Desktop/OMS/backend/src/modules/payroll/payroll.repository.js:158:28)
    at process.processTicksAndRejections (node:internal/process/task_queues:104:5)
    at async cacheGetOrSet (file:///C:/Users/Shubh/Desktop/OMS/backend/src/services/cache.service.js:182:21)
    at async Object.getMasterPayrollData (file:///C:/Users/Shubh/Desktop/OMS/backend/src/modules/payroll/payroll.service.js:42:14)
    at async file:///C:/Users/Shubh/Desktop/OMS/backend/src/modules/payroll/payroll.controller.js:11:16
Body: {}

[2026-07-17T10:51:03.460Z] GET /api/v1/payroll/all
Error: mongoose is not defined
Stack: ReferenceError: mongoose is not defined
    at fetchFreshData (file:///C:/Users/Shubh/Desktop/OMS/backend/src/modules/payroll/payroll.repository.js:158:28)
    at process.processTicksAndRejections (node:internal/process/task_queues:104:5)
    at async cacheGetOrSet (file:///C:/Users/Shubh/Desktop/OMS/backend/src/services/cache.service.js:182:21)
    at async Object.getMasterPayrollData (file:///C:/Users/Shubh/Desktop/OMS/backend/src/modules/payroll/payroll.service.js:42:14)
    at async file:///C:/Users/Shubh/Desktop/OMS/backend/src/modules/payroll/payroll.controller.js:11:16
Body: {}

[2026-07-17T10:51:04.545Z] GET /api/v1/payroll/all
Error: mongoose is not defined
Stack: ReferenceError: mongoose is not defined
    at fetchFreshData (file:///C:/Users/Shubh/Desktop/OMS/backend/src/modules/payroll/payroll.repository.js:158:28)
    at process.processTicksAndRejections (node:internal/process/task_queues:104:5)
    at async cacheGetOrSet (file:///C:/Users/Shubh/Desktop/OMS/backend/src/services/cache.service.js:182:21)
    at async Object.getMasterPayrollData (file:///C:/Users/Shubh/Desktop/OMS/backend/src/modules/payroll/payroll.service.js:42:14)
    at async file:///C:/Users/Shubh/Desktop/OMS/backend/src/modules/payroll/payroll.controller.js:11:16
Body: {}

[2026-07-17T10:51:05.046Z] GET /api/v1/payroll/all
Error: mongoose is not defined
Stack: ReferenceError: mongoose is not defined
    at fetchFreshData (file:///C:/Users/Shubh/Desktop/OMS/backend/src/modules/payroll/payroll.repository.js:158:28)
    at process.processTicksAndRejections (node:internal/process/task_queues:104:5)
    at async cacheGetOrSet (file:///C:/Users/Shubh/Desktop/OMS/backend/src/services/cache.service.js:182:21)
    at async Object.getMasterPayrollData (file:///C:/Users/Shubh/Desktop/OMS/backend/src/modules/payroll/payroll.service.js:42:14)
    at async file:///C:/Users/Shubh/Desktop/OMS/backend/src/modules/payroll/payroll.controller.js:11:16
Body: {}

[2026-07-17T10:51:05.438Z] GET /api/v1/payroll/all
Error: mongoose is not defined
Stack: ReferenceError: mongoose is not defined
    at fetchFreshData (file:///C:/Users/Shubh/Desktop/OMS/backend/src/modules/payroll/payroll.repository.js:158:28)
    at process.processTicksAndRejections (node:internal/process/task_queues:104:5)
    at async cacheGetOrSet (file:///C:/Users/Shubh/Desktop/OMS/backend/src/services/cache.service.js:182:21)
    at async Object.getMasterPayrollData (file:///C:/Users/Shubh/Desktop/OMS/backend/src/modules/payroll/payroll.service.js:42:14)
    at async file:///C:/Users/Shubh/Desktop/OMS/backend/src/modules/payroll/payroll.controller.js:11:16
Body: {}

[2026-07-17T10:51:11.061Z] GET /api/v1/payroll/all
Error: mongoose is not defined
Stack: ReferenceError: mongoose is not defined
    at fetchFreshData (file:///C:/Users/Shubh/Desktop/OMS/backend/src/modules/payroll/payroll.repository.js:158:28)
    at process.processTicksAndRejections (node:internal/process/task_queues:104:5)
    at async cacheGetOrSet (file:///C:/Users/Shubh/Desktop/OMS/backend/src/services/cache.service.js:182:21)
    at async Object.getMasterPayrollData (file:///C:/Users/Shubh/Desktop/OMS/backend/src/modules/payroll/payroll.service.js:42:14)
    at async file:///C:/Users/Shubh/Desktop/OMS/backend/src/modules/payroll/payroll.controller.js:11:16
Body: {}

[2026-07-17T10:51:11.434Z] GET /api/v1/payroll/all
Error: mongoose is not defined
Stack: ReferenceError: mongoose is not defined
    at fetchFreshData (file:///C:/Users/Shubh/Desktop/OMS/backend/src/modules/payroll/payroll.repository.js:158:28)
    at process.processTicksAndRejections (node:internal/process/task_queues:104:5)
    at async cacheGetOrSet (file:///C:/Users/Shubh/Desktop/OMS/backend/src/services/cache.service.js:182:21)
    at async Object.getMasterPayrollData (file:///C:/Users/Shubh/Desktop/OMS/backend/src/modules/payroll/payroll.service.js:42:14)
    at async file:///C:/Users/Shubh/Desktop/OMS/backend/src/modules/payroll/payroll.controller.js:11:16
Body: {}

[2026-07-17T10:51:11.720Z] GET /api/v1/payroll/all
Error: mongoose is not defined
Stack: ReferenceError: mongoose is not defined
    at fetchFreshData (file:///C:/Users/Shubh/Desktop/OMS/backend/src/modules/payroll/payroll.repository.js:158:28)
    at process.processTicksAndRejections (node:internal/process/task_queues:104:5)
    at async cacheGetOrSet (file:///C:/Users/Shubh/Desktop/OMS/backend/src/services/cache.service.js:182:21)
    at async Object.getMasterPayrollData (file:///C:/Users/Shubh/Desktop/OMS/backend/src/modules/payroll/payroll.service.js:42:14)
    at async file:///C:/Users/Shubh/Desktop/OMS/backend/src/modules/payroll/payroll.controller.js:11:16
Body: {}

[2026-07-17T10:51:11.988Z] GET /api/v1/payroll/all
Error: mongoose is not defined
Stack: ReferenceError: mongoose is not defined
    at fetchFreshData (file:///C:/Users/Shubh/Desktop/OMS/backend/src/modules/payroll/payroll.repository.js:158:28)
    at process.processTicksAndRejections (node:internal/process/task_queues:104:5)
    at async cacheGetOrSet (file:///C:/Users/Shubh/Desktop/OMS/backend/src/services/cache.service.js:182:21)
    at async Object.getMasterPayrollData (file:///C:/Users/Shubh/Desktop/OMS/backend/src/modules/payroll/payroll.service.js:42:14)
    at async file:///C:/Users/Shubh/Desktop/OMS/backend/src/modules/payroll/payroll.controller.js:11:16
Body: {}

[2026-07-17T11:08:07.748Z] POST /api/v1/auth/login
Error: Invalid email or password
Stack: Error: Invalid email or password
    at Object.login (file:///C:/Users/Shubh/Desktop/OMS/backend/src/modules/auth/auth.service.js:152:17)
    at process.processTicksAndRejections (node:internal/process/task_queues:104:5)
    at async file:///C:/Users/Shubh/Desktop/OMS/backend/src/modules/auth/auth.controller.js:30:16
Body: {"email":"aniemsh@gmail.com","password":"password"}

[2026-07-17T12:21:46.211Z] POST /api/v1/kpi-templates
Error: KpiTemplate validation failed: attributes.4.name: Path `name` is required.
Stack: ValidationError: KpiTemplate validation failed: attributes.4.name: Path `name` is required.
    at Document.invalidate (C:\Users\Shubh\Desktop\OMS\backend\node_modules\mongoose\lib\document.js:3381:32)
    at Subdocument.invalidate (C:\Users\Shubh\Desktop\OMS\backend\node_modules\mongoose\lib\types\subdocument.js:257:12)
    at C:\Users\Shubh\Desktop\OMS\backend\node_modules\mongoose\lib\document.js:3142:17
    at C:\Users\Shubh\Desktop\OMS\backend\node_modules\mongoose\lib\schemaType.js:1443:9
    at process.processTicksAndRejections (node:internal/process/task_queues:85:11)
Body: {"name":"KPI Tracking ","description":"","category":"General","frequency":"15 Days","effectiveDate":"","expiryDate":"","applicableTo":{"scope":"Department","values":[]},"attributes":[{"id":"attr-1784290409807-471","name":"KPI Achievements ","weight":60,"type":"Manual","dataSource":"none","maxScore":10,"order":1},{"id":"attr-1784290796377-343","name":"Reporting Compilance","weight":10,"type":"Manual","dataSource":"none","maxScore":10,"order":1},{"id":"attr-1784290815744-735","name":"Quality Work","weight":15,"type":"Manual","dataSource":"none","maxScore":10,"order":2},{"id":"attr-1784290828990-175","name":"Performance Conduct","weight":10,"type":"Manual","dataSource":"none","maxScore":10,"order":3},{"id":"attr-1784290872459-795","name":"","weight":5,"type":"Manual","dataSource":"none","maxScore":10,"order":4}],"ratingThresholds":[{"label":"Outstanding","minScore":95,"color":"#22c55e"},{"label":"Excellent","minScore":85,"color":"#6366f1"},{"label":"Good","minScore":75,"color":"#3b82f6"},{"label":"Average","minScore":60,"color":"#f59e0b"},{"label":"Needs Improvement","minScore":0,"color":"#ef4444"}]}

[2026-07-17T12:22:14.923Z] POST /api/v1/kpi-templates
Error: KpiTemplate validation failed: attributes.4.name: Path `name` is required.
Stack: ValidationError: KpiTemplate validation failed: attributes.4.name: Path `name` is required.
    at Document.invalidate (C:\Users\Shubh\Desktop\OMS\backend\node_modules\mongoose\lib\document.js:3381:32)
    at Subdocument.invalidate (C:\Users\Shubh\Desktop\OMS\backend\node_modules\mongoose\lib\types\subdocument.js:257:12)
    at C:\Users\Shubh\Desktop\OMS\backend\node_modules\mongoose\lib\document.js:3142:17
    at C:\Users\Shubh\Desktop\OMS\backend\node_modules\mongoose\lib\schemaType.js:1443:9
    at process.processTicksAndRejections (node:internal/process/task_queues:85:11)
Body: {"name":"KPI Tracking ","description":"","category":"General","frequency":"15 Days","effectiveDate":"2026-07-01","expiryDate":"2027-07-01","applicableTo":{"scope":"Department","values":[]},"attributes":[{"id":"attr-1784290409807-471","name":"KPI Achievements ","weight":60,"type":"Manual","dataSource":"none","maxScore":10,"order":1},{"id":"attr-1784290796377-343","name":"Reporting Compilance","weight":10,"type":"Manual","dataSource":"none","maxScore":10,"order":1},{"id":"attr-1784290815744-735","name":"Quality Work","weight":15,"type":"Manual","dataSource":"none","maxScore":10,"order":2},{"id":"attr-1784290828990-175","name":"Performance Conduct","weight":10,"type":"Manual","dataSource":"none","maxScore":10,"order":3},{"id":"attr-1784290872459-795","name":"","weight":5,"type":"Manual","dataSource":"none","maxScore":10,"order":4}],"ratingThresholds":[{"label":"Outstanding","minScore":95,"color":"#22c55e"},{"label":"Excellent","minScore":85,"color":"#6366f1"},{"label":"Good","minScore":75,"color":"#3b82f6"},{"label":"Average","minScore":60,"color":"#f59e0b"},{"label":"Needs Improvement","minScore":0,"color":"#ef4444"}]}

[2026-07-18T05:50:05.298Z] PATCH /api/v1/kpi-employee-evaluations/GATECO-KPIE-010/scores
Error: Manual score for "Innovation of Learning" must be a number between 0 and 5.
Stack: Error: Manual score for "Innovation of Learning" must be a number between 0 and 5.
    at file:///C:/Users/Shubh/Desktop/OMS/backend/src/modules/kpi-employee-evaluations/kpi-employee-evaluation.service.js:50:17
    at Array.forEach (<anonymous>)
    at Object.updateScoresAndComments (file:///C:/Users/Shubh/Desktop/OMS/backend/src/modules/kpi-employee-evaluations/kpi-employee-evaluation.service.js:41:10)
    at process.processTicksAndRejections (node:internal/process/task_queues:104:5)
    at async file:///C:/Users/Shubh/Desktop/OMS/backend/src/modules/kpi-employee-evaluations/kpi-employee-evaluation.controller.js:34:16
Body: {"scores":[{"attributeId":"7421798930534759","value":"08"}]}

[2026-07-18T05:50:39.090Z] PATCH /api/v1/kpi-employee-evaluations/GATECO-KPIE-009/scores
Error: Manual score for "Innovation of Learning" must be a number between 0 and 5.
Stack: Error: Manual score for "Innovation of Learning" must be a number between 0 and 5.
    at file:///C:/Users/Shubh/Desktop/OMS/backend/src/modules/kpi-employee-evaluations/kpi-employee-evaluation.service.js:50:17
    at Array.forEach (<anonymous>)
    at Object.updateScoresAndComments (file:///C:/Users/Shubh/Desktop/OMS/backend/src/modules/kpi-employee-evaluations/kpi-employee-evaluation.service.js:41:10)
    at process.processTicksAndRejections (node:internal/process/task_queues:104:5)
    at async file:///C:/Users/Shubh/Desktop/OMS/backend/src/modules/kpi-employee-evaluations/kpi-employee-evaluation.controller.js:34:16
Body: {"scores":[{"attributeId":"7421798930534759","value":"10"}]}

[2026-07-18T05:50:40.219Z] PATCH /api/v1/kpi-employee-evaluations/GATECO-KPIE-009/scores
Error: Manual score for "Innovation of Learning" must be a number between 0 and 5.
Stack: Error: Manual score for "Innovation of Learning" must be a number between 0 and 5.
    at file:///C:/Users/Shubh/Desktop/OMS/backend/src/modules/kpi-employee-evaluations/kpi-employee-evaluation.service.js:50:17
    at Array.forEach (<anonymous>)
    at Object.updateScoresAndComments (file:///C:/Users/Shubh/Desktop/OMS/backend/src/modules/kpi-employee-evaluations/kpi-employee-evaluation.service.js:41:10)
    at process.processTicksAndRejections (node:internal/process/task_queues:104:5)
    at async file:///C:/Users/Shubh/Desktop/OMS/backend/src/modules/kpi-employee-evaluations/kpi-employee-evaluation.controller.js:34:16
Body: {"scores":[{"attributeId":"7421798930534759","value":"15"}]}

[2026-07-18T05:52:38.479Z] PATCH /api/v1/kpi-employee-evaluations/GATECO-KPIE-003/scores
Error: Manual score for "KPI Achievements" must be a number between 0 and 58.
Stack: Error: Manual score for "KPI Achievements" must be a number between 0 and 58.
    at file:///C:/Users/Shubh/Desktop/OMS/backend/src/modules/kpi-employee-evaluations/kpi-employee-evaluation.service.js:50:17
    at Array.forEach (<anonymous>)
    at Object.updateScoresAndComments (file:///C:/Users/Shubh/Desktop/OMS/backend/src/modules/kpi-employee-evaluations/kpi-employee-evaluation.service.js:41:10)
    at process.processTicksAndRejections (node:internal/process/task_queues:104:5)
    at async file:///C:/Users/Shubh/Desktop/OMS/backend/src/modules/kpi-employee-evaluations/kpi-employee-evaluation.controller.js:34:16
Body: {"scores":[{"attributeId":"1","value":"448"}]}

[2026-07-18T05:53:06.122Z] PATCH /api/v1/kpi-employee-evaluations/GATECO-KPIE-003/scores
Error: Manual score for "Professional Conduct" must be a number between 0 and 10.
Stack: Error: Manual score for "Professional Conduct" must be a number between 0 and 10.
    at file:///C:/Users/Shubh/Desktop/OMS/backend/src/modules/kpi-employee-evaluations/kpi-employee-evaluation.service.js:50:17
    at Array.forEach (<anonymous>)
    at Object.updateScoresAndComments (file:///C:/Users/Shubh/Desktop/OMS/backend/src/modules/kpi-employee-evaluations/kpi-employee-evaluation.service.js:41:10)
    at process.processTicksAndRejections (node:internal/process/task_queues:104:5)
    at async file:///C:/Users/Shubh/Desktop/OMS/backend/src/modules/kpi-employee-evaluations/kpi-employee-evaluation.controller.js:34:16
Body: {"scores":[{"attributeId":"4","value":"98"}]}

[2026-07-18T05:53:36.009Z] PATCH /api/v1/kpi-employee-evaluations/GATECO-KPIE-002/scores
Error: Manual score for "KPI Achievements" must be a number between 0 and 58.
Stack: Error: Manual score for "KPI Achievements" must be a number between 0 and 58.
    at file:///C:/Users/Shubh/Desktop/OMS/backend/src/modules/kpi-employee-evaluations/kpi-employee-evaluation.service.js:50:17
    at Array.forEach (<anonymous>)
    at Object.updateScoresAndComments (file:///C:/Users/Shubh/Desktop/OMS/backend/src/modules/kpi-employee-evaluations/kpi-employee-evaluation.service.js:41:10)
    at process.processTicksAndRejections (node:internal/process/task_queues:104:5)
    at async file:///C:/Users/Shubh/Desktop/OMS/backend/src/modules/kpi-employee-evaluations/kpi-employee-evaluation.controller.js:34:16
Body: {"scores":[{"attributeId":"1","value":"545"}]}

[2026-07-18T05:53:51.120Z] PATCH /api/v1/kpi-employee-evaluations/GATECO-KPIE-002/scores
Error: Manual score for "Innovation of Learning" must be a number between 0 and 5.
Stack: Error: Manual score for "Innovation of Learning" must be a number between 0 and 5.
    at file:///C:/Users/Shubh/Desktop/OMS/backend/src/modules/kpi-employee-evaluations/kpi-employee-evaluation.service.js:50:17
    at Array.forEach (<anonymous>)
    at Object.updateScoresAndComments (file:///C:/Users/Shubh/Desktop/OMS/backend/src/modules/kpi-employee-evaluations/kpi-employee-evaluation.service.js:41:10)
    at process.processTicksAndRejections (node:internal/process/task_queues:104:5)
    at async file:///C:/Users/Shubh/Desktop/OMS/backend/src/modules/kpi-employee-evaluations/kpi-employee-evaluation.controller.js:34:16
Body: {"scores":[{"attributeId":"7421798930534759","value":"6"}]}

[2026-07-18T05:53:52.648Z] PATCH /api/v1/kpi-employee-evaluations/GATECO-KPIE-002/scores
Error: Manual score for "Innovation of Learning" must be a number between 0 and 5.
Stack: Error: Manual score for "Innovation of Learning" must be a number between 0 and 5.
    at file:///C:/Users/Shubh/Desktop/OMS/backend/src/modules/kpi-employee-evaluations/kpi-employee-evaluation.service.js:50:17
    at Array.forEach (<anonymous>)
    at Object.updateScoresAndComments (file:///C:/Users/Shubh/Desktop/OMS/backend/src/modules/kpi-employee-evaluations/kpi-employee-evaluation.service.js:41:10)
    at process.processTicksAndRejections (node:internal/process/task_queues:104:5)
    at async file:///C:/Users/Shubh/Desktop/OMS/backend/src/modules/kpi-employee-evaluations/kpi-employee-evaluation.controller.js:34:16
Body: {"scores":[{"attributeId":"7421798930534759","value":"64"}]}

[2026-07-18T06:38:05.980Z] POST /api/v1/auth/login
Error: Invalid email or password
Stack: Error: Invalid email or password
    at Object.login (file:///C:/Users/Shubh/Desktop/OMS/backend/src/modules/auth/auth.service.js:152:17)
    at process.processTicksAndRejections (node:internal/process/task_queues:104:5)
    at async file:///C:/Users/Shubh/Desktop/OMS/backend/src/modules/auth/auth.controller.js:30:16
Body: {"email":"geeeta@gmail.com","password":"password"}

[2026-07-18T07:00:13.400Z] POST /api/v1/auth/login
Error: Invalid email or password
Stack: Error: Invalid email or password
    at Object.login (file:///C:/Users/Shubh/Desktop/OMS/backend/src/modules/auth/auth.service.js:152:17)
    at process.processTicksAndRejections (node:internal/process/task_queues:104:5)
    at async file:///C:/Users/Shubh/Desktop/OMS/backend/src/modules/auth/auth.controller.js:30:16
Body: {"email":"uharsh@gmail.com","password":"password"}

[2026-07-18T07:00:16.429Z] POST /api/v1/auth/login
Error: Invalid email or password
Stack: Error: Invalid email or password
    at Object.login (file:///C:/Users/Shubh/Desktop/OMS/backend/src/modules/auth/auth.service.js:152:17)
    at process.processTicksAndRejections (node:internal/process/task_queues:104:5)
    at async file:///C:/Users/Shubh/Desktop/OMS/backend/src/modules/auth/auth.controller.js:30:16
Body: {"email":"admon@gmail.com","password":"password"}

[2026-07-18T08:21:23.691Z] PATCH /api/v1/kpi-employee-evaluations/GATECO-KPIE-017/scores
Error: Manual score for "Task Completion" must be a number between 0 and 10.
Stack: Error: Manual score for "Task Completion" must be a number between 0 and 10.
    at file:///C:/Users/Shubh/Desktop/OMS/backend/src/modules/kpi-employee-evaluations/kpi-employee-evaluation.service.js:50:17
    at Array.forEach (<anonymous>)
    at Object.updateScoresAndComments (file:///C:/Users/Shubh/Desktop/OMS/backend/src/modules/kpi-employee-evaluations/kpi-employee-evaluation.service.js:41:10)
    at process.processTicksAndRejections (node:internal/process/task_queues:104:5)
    at async file:///C:/Users/Shubh/Desktop/OMS/backend/src/modules/kpi-employee-evaluations/kpi-employee-evaluation.controller.js:34:16
Body: {"scores":[{"attributeId":"1","value":"20"}]}

[2026-07-18T08:21:26.337Z] PATCH /api/v1/kpi-employee-evaluations/GATECO-KPIE-017/scores
Error: Manual score for "Task Completion" must be a number between 0 and 10.
Stack: Error: Manual score for "Task Completion" must be a number between 0 and 10.
    at file:///C:/Users/Shubh/Desktop/OMS/backend/src/modules/kpi-employee-evaluations/kpi-employee-evaluation.service.js:50:17
    at Array.forEach (<anonymous>)
    at Object.updateScoresAndComments (file:///C:/Users/Shubh/Desktop/OMS/backend/src/modules/kpi-employee-evaluations/kpi-employee-evaluation.service.js:41:10)
    at process.processTicksAndRejections (node:internal/process/task_queues:104:5)
    at async file:///C:/Users/Shubh/Desktop/OMS/backend/src/modules/kpi-employee-evaluations/kpi-employee-evaluation.controller.js:34:16
Body: {"scores":[{"attributeId":"1","value":"15"}]}

[2026-07-18T08:21:28.168Z] PATCH /api/v1/kpi-employee-evaluations/GATECO-KPIE-017/scores
Error: Manual score for "Task Completion" must be a number between 0 and 10.
Stack: Error: Manual score for "Task Completion" must be a number between 0 and 10.
    at file:///C:/Users/Shubh/Desktop/OMS/backend/src/modules/kpi-employee-evaluations/kpi-employee-evaluation.service.js:50:17
    at Array.forEach (<anonymous>)
    at Object.updateScoresAndComments (file:///C:/Users/Shubh/Desktop/OMS/backend/src/modules/kpi-employee-evaluations/kpi-employee-evaluation.service.js:41:10)
    at process.processTicksAndRejections (node:internal/process/task_queues:104:5)
    at async file:///C:/Users/Shubh/Desktop/OMS/backend/src/modules/kpi-employee-evaluations/kpi-employee-evaluation.controller.js:34:16
Body: {"scores":[{"attributeId":"1","value":"15"}]}

[2026-07-20T10:51:28.571Z] POST /api/v1/auth/login
Error: Invalid email or password
Stack: Error: Invalid email or password
    at Object.login (file:///C:/Users/Shubh/Desktop/OMS/backend/src/modules/auth/auth.service.js:152:17)
    at process.processTicksAndRejections (node:internal/process/task_queues:104:5)
    at async file:///C:/Users/Shubh/Desktop/OMS/backend/src/modules/auth/auth.controller.js:30:16
Body: {"email":"geerta@gmail.com","password":"password"}

[2026-07-20T11:25:34.733Z] GET /api/v1/chat/messages/6a5e05ae7c90c18712f030a2
Error: Message.findOne(...).lean is not a function
Stack: TypeError: Message.findOne(...).lean is not a function
    at file:///C:/Users/Shubh/Desktop/OMS/backend/src/modules/chat/chat.service.js:497:8
    at AsyncLocalStorage.run (node:internal/async_local_storage/async_context_frame:63:14)
    at runWithTenant (file:///C:/Users/Shubh/Desktop/OMS/backend/src/utils/tenantContext.js:41:24)
    at process.processTicksAndRejections (node:internal/process/task_queues:104:5)
Body: {}

[2026-07-20T11:37:04.084Z] POST /api/v1/auth/login
Error: Invalid email or password
Stack: Error: Invalid email or password
    at Object.login (file:///C:/Users/Shubh/Desktop/OMS/backend/src/modules/auth/auth.service.js:152:17)
    at process.processTicksAndRejections (node:internal/process/task_queues:104:5)
    at async file:///C:/Users/Shubh/Desktop/OMS/backend/src/modules/auth/auth.controller.js:30:16
Body: {"email":"rashul@gmail.com","password":"password"}

[2026-07-24T09:16:16.289Z] POST /api/v1/auth/login
Error: Invalid email or password
Stack: Error: Invalid email or password
    at Object.login (file:///C:/Users/Shubh/Desktop/OMS/backend/src/modules/auth/auth.service.js:152:17)
    at process.processTicksAndRejections (node:internal/process/task_queues:104:5)
    at async file:///C:/Users/Shubh/Desktop/OMS/backend/src/modules/auth/auth.controller.js:30:16
Body: {"email":"harssh@gmail.com","password":"password"}

[2026-07-27T06:30:26.822Z] GET /api/v1/kpi-employee-evaluations/employee/GATECO-EMP-009
Error: Resource /api/v1/kpi-employee-evaluations/employee/GATECO-EMP-009 not found on this server
Stack: Error: Resource /api/v1/kpi-employee-evaluations/employee/GATECO-EMP-009 not found on this server
    at file:///C:/Users/Shubh/Desktop/OMS/backend/src/app.js:150:17
    at Layer.handle [as handle_request] (C:\Users\Shubh\Desktop\OMS\backend\node_modules\express\lib\router\layer.js:95:5)
    at next (C:\Users\Shubh\Desktop\OMS\backend\node_modules\express\lib\router\route.js:149:13)
    at next (C:\Users\Shubh\Desktop\OMS\backend\node_modules\express\lib\router\route.js:145:7)
    at next (C:\Users\Shubh\Desktop\OMS\backend\node_modules\express\lib\router\route.js:145:7)
    at next (C:\Users\Shubh\Desktop\OMS\backend\node_modules\express\lib\router\route.js:145:7)
    at next (C:\Users\Shubh\Desktop\OMS\backend\node_modules\express\lib\router\route.js:145:7)
    at next (C:\Users\Shubh\Desktop\OMS\backend\node_modules\express\lib\router\route.js:145:7)
    at next (C:\Users\Shubh\Desktop\OMS\backend\node_modules\express\lib\router\route.js:145:7)
    at Route.dispatch (C:\Users\Shubh\Desktop\OMS\backend\node_modules\express\lib\router\route.js:119:3)
Body: {}

[2026-07-27T06:30:27.059Z] GET /api/v1/kpi-employee-evaluations/employee/GATECO-EMP-009
Error: Resource /api/v1/kpi-employee-evaluations/employee/GATECO-EMP-009 not found on this server
Stack: Error: Resource /api/v1/kpi-employee-evaluations/employee/GATECO-EMP-009 not found on this server
    at file:///C:/Users/Shubh/Desktop/OMS/backend/src/app.js:150:17
    at Layer.handle [as handle_request] (C:\Users\Shubh\Desktop\OMS\backend\node_modules\express\lib\router\layer.js:95:5)
    at next (C:\Users\Shubh\Desktop\OMS\backend\node_modules\express\lib\router\route.js:149:13)
    at next (C:\Users\Shubh\Desktop\OMS\backend\node_modules\express\lib\router\route.js:145:7)
    at next (C:\Users\Shubh\Desktop\OMS\backend\node_modules\express\lib\router\route.js:145:7)
    at next (C:\Users\Shubh\Desktop\OMS\backend\node_modules\express\lib\router\route.js:145:7)
    at next (C:\Users\Shubh\Desktop\OMS\backend\node_modules\express\lib\router\route.js:145:7)
    at next (C:\Users\Shubh\Desktop\OMS\backend\node_modules\express\lib\router\route.js:145:7)
    at next (C:\Users\Shubh\Desktop\OMS\backend\node_modules\express\lib\router\route.js:145:7)
    at Route.dispatch (C:\Users\Shubh\Desktop\OMS\backend\node_modules\express\lib\router\route.js:119:3)
Body: {}

[2026-07-27T06:30:41.585Z] GET /api/v1/kpi-employee-evaluations/employee/GATECO-EMP-009
Error: Resource /api/v1/kpi-employee-evaluations/employee/GATECO-EMP-009 not found on this server
Stack: Error: Resource /api/v1/kpi-employee-evaluations/employee/GATECO-EMP-009 not found on this server
    at file:///C:/Users/Shubh/Desktop/OMS/backend/src/app.js:150:17
    at Layer.handle [as handle_request] (C:\Users\Shubh\Desktop\OMS\backend\node_modules\express\lib\router\layer.js:95:5)
    at next (C:\Users\Shubh\Desktop\OMS\backend\node_modules\express\lib\router\route.js:149:13)
    at next (C:\Users\Shubh\Desktop\OMS\backend\node_modules\express\lib\router\route.js:145:7)
    at next (C:\Users\Shubh\Desktop\OMS\backend\node_modules\express\lib\router\route.js:145:7)
    at next (C:\Users\Shubh\Desktop\OMS\backend\node_modules\express\lib\router\route.js:145:7)
    at next (C:\Users\Shubh\Desktop\OMS\backend\node_modules\express\lib\router\route.js:145:7)
    at next (C:\Users\Shubh\Desktop\OMS\backend\node_modules\express\lib\router\route.js:145:7)
    at next (C:\Users\Shubh\Desktop\OMS\backend\node_modules\express\lib\router\route.js:145:7)
    at Route.dispatch (C:\Users\Shubh\Desktop\OMS\backend\node_modules\express\lib\router\route.js:119:3)
Body: {}

[2026-07-27T06:30:41.816Z] GET /api/v1/kpi-employee-evaluations/employee/GATECO-EMP-009
Error: Resource /api/v1/kpi-employee-evaluations/employee/GATECO-EMP-009 not found on this server
Stack: Error: Resource /api/v1/kpi-employee-evaluations/employee/GATECO-EMP-009 not found on this server
    at file:///C:/Users/Shubh/Desktop/OMS/backend/src/app.js:150:17
    at Layer.handle [as handle_request] (C:\Users\Shubh\Desktop\OMS\backend\node_modules\express\lib\router\layer.js:95:5)
    at next (C:\Users\Shubh\Desktop\OMS\backend\node_modules\express\lib\router\route.js:149:13)
    at next (C:\Users\Shubh\Desktop\OMS\backend\node_modules\express\lib\router\route.js:145:7)
    at next (C:\Users\Shubh\Desktop\OMS\backend\node_modules\express\lib\router\route.js:145:7)
    at next (C:\Users\Shubh\Desktop\OMS\backend\node_modules\express\lib\router\route.js:145:7)
    at next (C:\Users\Shubh\Desktop\OMS\backend\node_modules\express\lib\router\route.js:145:7)
    at next (C:\Users\Shubh\Desktop\OMS\backend\node_modules\express\lib\router\route.js:145:7)
    at next (C:\Users\Shubh\Desktop\OMS\backend\node_modules\express\lib\router\route.js:145:7)
    at Route.dispatch (C:\Users\Shubh\Desktop\OMS\backend\node_modules\express\lib\router\route.js:119:3)
Body: {}

[2026-07-27T06:31:12.814Z] GET /api/v1/kpi-employee-evaluations/employee/GATECO-EMP-009
Error: Resource /api/v1/kpi-employee-evaluations/employee/GATECO-EMP-009 not found on this server
Stack: Error: Resource /api/v1/kpi-employee-evaluations/employee/GATECO-EMP-009 not found on this server
    at file:///C:/Users/Shubh/Desktop/OMS/backend/src/app.js:150:17
    at Layer.handle [as handle_request] (C:\Users\Shubh\Desktop\OMS\backend\node_modules\express\lib\router\layer.js:95:5)
    at next (C:\Users\Shubh\Desktop\OMS\backend\node_modules\express\lib\router\route.js:149:13)
    at next (C:\Users\Shubh\Desktop\OMS\backend\node_modules\express\lib\router\route.js:145:7)
    at next (C:\Users\Shubh\Desktop\OMS\backend\node_modules\express\lib\router\route.js:145:7)
    at next (C:\Users\Shubh\Desktop\OMS\backend\node_modules\express\lib\router\route.js:145:7)
    at next (C:\Users\Shubh\Desktop\OMS\backend\node_modules\express\lib\router\route.js:145:7)
    at next (C:\Users\Shubh\Desktop\OMS\backend\node_modules\express\lib\router\route.js:145:7)
    at next (C:\Users\Shubh\Desktop\OMS\backend\node_modules\express\lib\router\route.js:145:7)
    at Route.dispatch (C:\Users\Shubh\Desktop\OMS\backend\node_modules\express\lib\router\route.js:119:3)
Body: {}

[2026-07-27T06:31:13.055Z] GET /api/v1/kpi-employee-evaluations/employee/GATECO-EMP-009
Error: Resource /api/v1/kpi-employee-evaluations/employee/GATECO-EMP-009 not found on this server
Stack: Error: Resource /api/v1/kpi-employee-evaluations/employee/GATECO-EMP-009 not found on this server
    at file:///C:/Users/Shubh/Desktop/OMS/backend/src/app.js:150:17
    at Layer.handle [as handle_request] (C:\Users\Shubh\Desktop\OMS\backend\node_modules\express\lib\router\layer.js:95:5)
    at next (C:\Users\Shubh\Desktop\OMS\backend\node_modules\express\lib\router\route.js:149:13)
    at next (C:\Users\Shubh\Desktop\OMS\backend\node_modules\express\lib\router\route.js:145:7)
    at next (C:\Users\Shubh\Desktop\OMS\backend\node_modules\express\lib\router\route.js:145:7)
    at next (C:\Users\Shubh\Desktop\OMS\backend\node_modules\express\lib\router\route.js:145:7)
    at next (C:\Users\Shubh\Desktop\OMS\backend\node_modules\express\lib\router\route.js:145:7)
    at next (C:\Users\Shubh\Desktop\OMS\backend\node_modules\express\lib\router\route.js:145:7)
    at next (C:\Users\Shubh\Desktop\OMS\backend\node_modules\express\lib\router\route.js:145:7)
    at Route.dispatch (C:\Users\Shubh\Desktop\OMS\backend\node_modules\express\lib\router\route.js:119:3)
Body: {}
